Model,TandemMoment_df,eg,minendmoment,LR1,minXreaction,HS20Moment_df,Iy1,St1,St2,Iy2,I,numberofgirders,maxZreaction,span,width,LR2,maxendmoment,minZreaction,A,Sb2,HS20Moment,Kg,numberofdiaphragms,df,maxXreaction,ybar2,Y,maxmoment,ybar1,girders,Sb1,mindeflection,girderspacing,df1,df2,haunch,TandemMoment
TX_24_120_R01_LK0,12850741.6636679,26.6,-106774.58421286459,0.4545429751953418,-2724.6781550004034,12850741.6636679,45517.27235932339,-3169.5793647931573,-7859.6968974682,63585.16576544025,28900.0,4,33238.61598890276,120,24,0.5028121884833762,105553.35195280937,-2756.4611103624384,107.0,1955.8665020177664,22488000.0,841515.0063456049,6,0.5714488466590137,2754.6337715807304,32.50997228074755,50.6,8631443.348193025,26.23933345070418,"[40, 362]",1734.696212647195,-0.8789363399038993,7.3333,0.3986337113445951,0.5714488466590137,2.6000000000000014,22488000.0
TX_24_120_R01_LK1,12850741.6636679,26.6,-221430.69701424753,0.4545429751953418,-5649.1686809821485,12850741.6636679,45517.27235932339,-3169.5793647931573,-7859.6968974682,63585.16576544025,28900.0,4,33259.54244622121,120,24,0.5028121884833762,218900.4524515936,-2932.6078423089866,107.0,1955.8665020177664,22488000.0,841515.0063456049,6,0.5714488466590137,5712.889272496739,32.50997228074755,50.6,8589819.815560846,26.23933345070418,"[40, 362]",1734.696212647195,-0.8736939679014775,7.3333,0.3986337113445951,0.5714488466590137,2.6000000000000014,22488000.0
TX_24_120_R01_LK2,12850741.6636679,26.6,-441513.0639702485,0.4545429751953418,-11257.620479457659,12850741.6636679,45517.27235932339,-3169.5793647931573,-7859.6968974682,63585.16576544025,28900.0,4,33302.85296465687,120,24,0.5028121884833762,436272.24319737125,-3269.4464620904546,107.0,1955.8665020177664,22488000.0,841515.0063456049,6,0.5714488466590137,11391.258318978958,32.50997228074755,50.6,8510635.587425936,26.23933345070418,"[40, 362]",1734.696212647195,-0.8636374601138699,7.3333,0.3986337113445951,0.5714488466590137,2.6000000000000014,22488000.0
TX_24_120_R01_LK3,12850741.6636679,26.6,-819755.8671958725,0.4545429751953418,-20877.997525775838,12850741.6636679,45517.27235932339,-3169.5793647931573,-7859.6968974682,63585.16576544025,28900.0,4,33388.883419266946,120,24,0.5028121884833762,809137.8085404193,-3843.6798800962874,107.0,1955.8665020177664,22488000.0,841515.0063456049,6,0.5714488466590137,21150.33711928168,32.50997228074755,50.6,8374744.452272217,26.23933345070418,"[40, 362]",1734.696212647195,-0.8463766848769475,7.3333,0.3986337113445951,0.5714488466590137,2.6000000000000014,22488000.0
TX_24_120_R01_LK4,12850741.6636679,26.6,-1361387.0903455187,0.4545429751953418,-34599.50596501563,12850741.6636679,45517.27235932339,-3169.5793647931573,-7859.6968974682,63585.16576544025,28900.0,4,33547.283670056866,120,24,0.5028121884833762,1340954.5896622755,-4651.972586517925,107.0,1955.8665020177664,22488000.0,841515.0063456049,6,0.5714488466590137,35125.00161247845,32.50997228074755,50.6,8180744.190119102,26.23933345070418,"[40, 362]",1734.696212647195,-0.8217277904931689,7.3333,0.3986337113445951,0.5714488466590137,2.6000000000000014,22488000.0
TX_24_120_R01_LK5,12850741.6636679,26.6,-1965041.2818155373,0.4545429751953418,-49775.596796512466,12850741.6636679,45517.27235932339,-3169.5793647931573,-7859.6968974682,63585.16576544025,28900.0,4,33803.556543119696,120,24,0.5028121884833762,1929147.9673253088,-5521.899883058868,107.0,1955.8665020177664,22488000.0,841515.0063456049,6,0.5714488466590137,50699.89235572603,32.50997228074755,50.6,7965826.826796139,26.23933345070418,"[40, 362]",1734.696212647195,-0.794423004475466,7.3333,0.3986337113445951,0.5714488466590137,2.6000000000000014,22488000.0
TX_24_120_R01_LK6,12850741.6636679,26.6,-2477005.0656966153,0.4545429751953418,-62482.09268976672,12850741.6636679,45517.27235932339,-3169.5793647931573,-7859.6968974682,63585.16576544025,28900.0,4,34143.92353937209,120,24,0.5028121884833762,2421625.2348590847,-6271.944220474087,107.0,1955.8665020177664,22488000.0,841515.0063456049,6,0.5714488466590137,63909.02809035604,32.50997228074755,50.6,7787029.598524485,26.23933345070418,"[40, 362]",1734.696212647195,-0.7716042804019906,7.3333,0.3986337113445951,0.5714488466590137,2.6000000000000014,22488000.0
TX_24_120_R01_LK7,12850741.6636679,26.6,-2820681.960601048,0.4545429751953418,-70867.43668482266,12850741.6636679,45517.27235932339,-3169.5793647931573,-7859.6968974682,63585.16576544025,28900.0,4,34494.19933820228,120,24,0.5028121884833762,2746624.020912766,-6845.04530132862,107.0,1955.8665020177664,22488000.0,841515.0063456049,6,0.5714488466590137,72776.15967138305,32.50997228074755,50.6,7669655.32937313,26.23933345070418,"[40, 362]",1734.696212647195,-0.7564912469433339,7.3333,0.3986337113445951,0.5714488466590137,2.6000000000000014,22488000.0
TX_24_120_R01_LK8,12850741.6636679,26.6,-3016724.313309863,0.4545429751953418,-75570.7307455545,12850741.6636679,45517.27235932339,-3169.5793647931573,-7859.6968974682,63585.16576544025,28900.0,4,34770.722320180634,120,24,0.5028121884833762,2928914.3950508437,-7167.59502113519,107.0,1955.8665020177664,22488000.0,841515.0063456049,6,0.5714488466590137,77834.17554099756,32.50997228074755,50.6,7603739.677761585,26.23933345070418,"[40, 362]",1734.696212647195,-0.7479922782774828,7.3333,0.3986337113445951,0.5714488466590137,2.6000000000000014,22488000.0
TX_24_120_R01_LK9,12850741.6636679,26.6,-3118086.608704812,0.4545429751953418,-77972.25169811785,12850741.6636679,45517.27235932339,-3169.5793647931573,-7859.6968974682,63585.16576544025,28900.0,4,34946.21420074745,120,24,0.5028121884833762,3021992.7611851287,-7332.986705726966,107.0,1955.8665020177664,22488000.0,841515.0063456049,6,0.5714488466590137,80449.37413687118,32.50997228074755,50.6,7570077.100074046,26.23933345070418,"[40, 362]",1734.696212647195,-0.7436472675865369,7.3333,0.3986337113445951,0.5714488466590137,2.6000000000000014,22488000.0
TX_24_30_P01_LK0,2376206.1369267954,23.866197183098592,-16934.34576939585,0.4545429751953418,-725.7558571537173,2376206.1369267954,6878.3953832717525,-2401.6692420772965,7423.746389367709,9592.983969083489,2405.1594776995307,4,31404.709098552485,30,24,0.6355233088314357,15606.940191960384,-1229.031866887744,35.5,466.98906549167503,3289887.6404494382,182010.73156637722,3,0.7222757724948251,784.3283664750276,20.54220254382916,29.25,2013882.1908359318,16.385993890098554,"[1, 12, 1.25, 12, 0.5, 17]",419.77285170526704,-0.1017797485630732,7.3333,0.5675928315925935,0.7222757724948251,2.0,3289887.6404494382
TX_24_30_P01_LK1,2376206.1369267954,23.866197183098592,-34899.7701459751,0.4545429751953418,-1493.027868750168,2376206.1369267954,6878.3953832717525,-2401.6692420772965,7423.746389367709,9592.983969083489,2405.1594776995307,4,31440.01664602907,30,24,0.6355233088314357,32164.910264386606,-1341.6682195858925,35.5,466.98906549167503,3289887.6404494382,182010.73156637722,3,0.7222757724948251,1616.8238706990544,20.54220254382916,29.25,2006379.1059820484,16.385993890098554,"[1, 12, 1.25, 12, 0.5, 17]",419.77285170526704,-0.10134236095896867,7.3333,0.5675928315925935,0.7222757724948251,2.0,3289887.6404494382
TX_24_30_P01_LK2,2376206.1369267954,23.866197183098592,-68780.57898712943,0.4545429751953418,-2930.5848342099184,2376206.1369267954,6878.3953832717525,-2401.6692420772965,7423.746389367709,9592.983969083489,2405.1594776995307,4,31511.82372718813,30,24,0.6355233088314357,63187.83242045232,-1552.560194953958,35.5,466.98906549167503,3289887.6404494382,182010.73156637722,3,0.7222757724948251,3186.8194884016993,20.54220254382916,29.25,1992328.7871592166,16.385993890098554,"[1, 12, 1.25, 12, 0.5, 17]",419.77285170526704,-0.10051679514863837,7.3333,0.5675928315925935,0.7222757724948251,2.0,3289887.6404494382
TX_24_30_P01_LK3,2376206.1369267954,23.866197183098592,-125199.84483072741,0.4545429751953418,-5292.251939057315,2376206.1369267954,6878.3953832717525,-2401.6692420772965,7423.746389367709,9592.983969083489,2405.1594776995307,4,31649.603038225796,30,24,0.6355233088314357,114153.31060735116,-1898.5035959800825,35.5,466.98906549167503,3289887.6404494382,182010.73156637722,3,0.7222757724948251,5801.223096288426,20.54220254382916,29.25,1970015.6815143877,16.385993890098554,"[1, 12, 1.25, 12, 0.5, 17]",419.77285170526704,-0.09913940596687214,7.3333,0.5675928315925935,0.7222757724948251,2.0,3289887.6404494382
TX_24_30_P01_LK4,2376206.1369267954,23.866197183098592,-202116.43363795875,0.4545429751953418,-8426.70476567416,2376206.1369267954,6878.3953832717525,-2401.6692420772965,7423.746389367709,9592.983969083489,2405.1594776995307,4,31887.60576814792,30,24,0.6355233088314357,181795.6578294628,-2356.1258825644936,35.5,466.98906549167503,3289887.6404494382,182010.73156637722,3,0.7222757724948251,9365.4578532093,20.54220254382916,29.25,1939462.0644998685,16.385993890098554,"[1, 12, 1.25, 12, 0.5, 17]",419.77285170526704,-0.09725339758319732,7.3333,0.5675928315925935,0.7222757724948251,2.0,3289887.6404494382
TX_24_30_P01_LK5,2376206.1369267954,23.866197183098592,-295483.8443243421,0.4545429751953418,-11561.016633696296,2376206.1369267954,6878.3953832717525,-2401.6692420772965,7423.746389367709,9592.983969083489,2405.1594776995307,4,32233.006517756585,30,24,0.6355233088314357,249434.93312953526,-2809.5100596774314,35.5,466.98906549167503,3289887.6404494382,182010.73156637722,3,0.7222757724948251,13110.975331266167,20.54220254382916,29.25,1907343.152667795,16.385993890098554,"[1, 12, 1.25, 12, 0.5, 17]",419.77285170526704,-0.09504160232667977,7.3333,0.5675928315925935,0.7222757724948251,2.0,3289887.6404494382
TX_24_30_P01_LK6,2376206.1369267954,23.866197183098592,-420679.1854156658,0.4545429751953418,-14563.352215741406,2376206.1369267954,6878.3953832717525,-2401.6692420772965,7423.746389367709,9592.983969083489,2405.1594776995307,4,32633.834374948667,30,24,0.6355233088314357,314270.0739437054,-3133.3339543635084,35.5,466.98906549167503,3289887.6404494382,182010.73156637722,3,0.7222757724948251,18041.31934814772,20.54220254382916,29.25,1881328.0284728294,16.385993890098554,"[1, 12, 1.25, 12, 0.5, 17]",419.77285170526704,-0.09366640943661347,7.3333,0.5675928315925935,0.7222757724948251,2.0,3289887.6404494382
TX_24_30_P01_LK7,2376206.1369267954,23.866197183098592,-527490.6656034928,0.4545429751953418,-17011.073638232654,2376206.1369267954,6878.3953832717525,-2401.6692420772965,7423.746389367709,9592.983969083489,2405.1594776995307,4,32985.21682971054,30,24,0.6355233088314357,367088.3808130667,-3312.6721493331656,35.5,466.98906549167503,3289887.6404494382,182010.73156637722,3,0.7222757724948251,22621.846153401595,20.54220254382916,29.25,1864707.1415663727,16.385993890098554,"[1, 12, 1.25, 12, 0.5, 17]",419.77285170526704,-0.09264215089803407,7.3333,0.5675928315925935,0.7222757724948251,2.0,3289887.6404494382
TX_24_30_P01_LK8,2376206.1369267954,23.866197183098592,-599582.7352972474,0.4545429751953418,-18480.170444797426,2376206.1369267954,6878.3953832717525,-2401.6692420772965,7423.746389367709,9592.983969083489,2405.1594776995307,4,33227.628334527086,30,24,0.6355233088314357,398789.0495982377,-3396.9672027824727,35.5,466.98906549167503,3289887.6404494382,182010.73156637722,3,0.7222757724948251,25713.458268054732,20.54220254382916,29.25,1855533.2761594576,16.385993890098554,"[1, 12, 1.25, 12, 0.5, 17]",419.77285170526704,-0.09207745134082854,7.3333,0.5675928315925935,0.7222757724948251,2.0,3289887.6404494382
TX_24_30_P01_LK9,2376206.1369267954,23.866197183098592,-640738.6829077341,0.4545429751953418,-19259.785113883063,2376206.1369267954,6878.3953832717525,-2401.6692420772965,7423.746389367709,9592.983969083489,2405.1594776995307,4,33367.77714801583,30,24,0.6355233088314357,415611.7237564883,-3434.4092266612947,35.5,466.98906549167503,3289887.6404494382,182010.73156637722,3,0.7222757724948251,27478.398814186672,20.54220254382916,29.25,1850889.8912943045,16.385993890098554,"[1, 12, 1.25, 12, 0.5, 17]",419.77285170526704,-0.09179189000379498,7.3333,0.5675928315925935,0.7222757724948251,2.0,3289887.6404494382
TX_24_40_P01_LK0,3480278.144732834,23.866197183098592,-28462.563153305447,0.4545429751953418,-1247.8312145233103,3480278.144732834,6878.3953832717525,-2401.6692420772965,7423.746389367709,9592.983969083489,2405.1594776995307,4,31549.86330703552,40,24,0.5879919967774812,26888.77743588207,-1701.1203457187796,35.5,466.98906549167503,5207999.999999999,182010.73156637722,4,0.668256172183724,1317.6097364248656,20.54220254382916,29.25,2711918.1376212197,16.385993890098554,"[1, 12, 1.25, 12, 0.5, 17]",419.77285170526704,-0.22757670012890888,7.3333,0.5119107769554294,0.668256172183724,2.0,5207999.999999999
TX_24_40_P01_LK1,3480278.144732834,23.866197183098592,-58819.21738658982,0.4545429751953418,-2576.992606473043,3480278.144732834,6878.3953832717525,-2401.6692420772965,7423.746389367709,9592.983969083489,2405.1594776995307,4,31586.100153343075,40,24,0.5879919967774812,55569.77653729411,-1844.4744725165024,35.5,466.98906549167503,5207999.999999999,182010.73156637722,4,0.668256172183724,2724.423265075561,20.54220254382916,29.25,2700352.3733377457,16.385993890098554,"[1, 12, 1.25, 12, 0.5, 17]",419.77285170526704,-0.22637761660312428,7.3333,0.5119107769554294,0.668256172183724,2.0,5207999.999999999
TX_24_40_P01_LK2,3480278.144732834,23.866197183098592,-116581.80294779703,0.4545429751953418,-5096.361010419596,3480278.144732834,6878.3953832717525,-2401.6692420772965,7423.746389367709,9592.983969083489,2405.1594776995307,4,31659.7241535824,40,24,0.5879919967774812,109933.36521352861,-2115.8713234851116,35.5,466.98906549167503,5207999.999999999,182010.73156637722,4,0.668256172183724,5401.305805278066,20.54220254382916,29.25,2678740.386670251,16.385993890098554,"[1, 12, 1.25, 12, 0.5, 17]",419.77285170526704,-0.22409725106309317,7.3333,0.5119107769554294,0.668256172183724,2.0,5207999.999999999
TX_24_40_P01_LK3,3480278.144732834,23.866197183098592,-214466.95230479375,0.4545429751953418,-9330.059175227472,3480278.144732834,6878.3953832717525,-2401.6692420772965,7423.746389367709,9592.983969083489,2405.1594776995307,4,31798.16599262383,40,24,0.5879919967774812,201289.3739533703,-2570.0674481803126,35.5,466.98906549167503,5207999.999999999,182010.73156637722,4,0.668256172183724,9937.55675604359,20.54220254382916,29.25,2643618.311676278,16.385993890098554,"[1, 12, 1.25, 12, 0.5, 17]",419.77285170526704,-0.2199304253726889,7.3333,0.5119107769554294,0.668256172183724,2.0,5207999.999999999
TX_24_40_P01_LK4,3480278.144732834,23.866197183098592,-350991.06457464397,0.4545429751953418,-15151.22803873543,3480278.144732834,6878.3953832717525,-2401.6692420772965,7423.746389367709,9592.983969083489,2405.1594776995307,4,32043.37193759015,40,24,0.5879919967774812,326899.6356412198,-3193.1121457522104,35.5,466.98906549167503,5207999.999999999,182010.73156637722,4,0.668256172183724,16264.504757814546,20.54220254382916,29.25,2593904.986267975,16.385993890098554,"[1, 12, 1.25, 12, 0.5, 17]",419.77285170526704,-0.21486238303322758,7.3333,0.5119107769554294,0.668256172183724,2.0,5207999.999999999
TX_24_40_P01_LK5,3480278.144732834,23.866197183098592,-498744.5970260678,0.4545429751953418,-21286.66241657705,3480278.144732834,6878.3953832717525,-2401.6692420772965,7423.746389367709,9592.983969083489,2405.1594776995307,4,32395.298622926457,40,24,0.5879919967774812,459291.1064669046,-3842.672852774569,35.5,466.98906549167503,5207999.999999999,182010.73156637722,4,0.668256172183724,23111.83795462299,20.54220254382916,29.25,2540622.9643350984,16.385993890098554,"[1, 12, 1.25, 12, 0.5, 17]",419.77285170526704,-0.2090590574798197,7.3333,0.5119107769554294,0.668256172183724,2.0,5207999.999999999
TX_24_40_P01_LK6,3480278.144732834,23.866197183098592,-620014.2552605858,0.4545429751953418,-26136.268346261877,3480278.144732834,6878.3953832717525,-2401.6692420772965,7423.746389367709,9592.983969083489,2405.1594776995307,4,32798.32349840629,40,24,0.5879919967774812,563936.3493229769,-4347.856166987559,35.5,466.98906549167503,5207999.999999999,182010.73156637722,4,0.668256172183724,28731.841892223078,20.54220254382916,29.25,2496987.405719781,16.385993890098554,"[1, 12, 1.25, 12, 0.5, 17]",419.77285170526704,-0.204304036752283,7.3333,0.5119107769554294,0.668256172183724,2.0,5207999.999999999
TX_24_40_P01_LK7,3480278.144732834,23.866197183098592,-698900.5400731555,0.4545429751953418,-29159.680385658776,3480278.144732834,6878.3953832717525,-2401.6692420772965,7423.746389367709,9592.983969083489,2405.1594776995307,4,33151.58532677631,40,24,0.5879919967774812,629175.4799044075,-4656.0559570367695,35.5,466.98906549167503,5207999.999999999,182010.73156637722,4,0.668256172183724,32387.68161067148,20.54220254382916,29.25,2468604.616799824,16.385993890098554,"[1, 12, 1.25, 12, 0.5, 17]",419.77285170526704,-0.201209978680881,7.3333,0.5119107769554294,0.668256172183724,2.0,5207999.999999999
TX_24_40_P01_LK8,3480278.144732834,23.866197183098592,-743967.7997606122,0.4545429751953418,-30816.834582493255,3480278.144732834,6878.3953832717525,-2401.6692420772965,7423.746389367709,9592.983969083489,2405.1594776995307,4,33395.90582679912,40,24,0.5879919967774812,664933.5788103321,-4820.315264250994,35.5,466.98906549167503,5207999.999999999,182010.73156637722,4,0.668256172183724,34476.21361046892,20.54220254382916,29.25,2452788.9155026097,16.385993890098554,"[1, 12, 1.25, 12, 0.5, 17]",419.77285170526704,-0.19913443356455704,7.3333,0.5119107769554294,0.668256172183724,2.0,5207999.999999999
TX_24_40_P01_LK9,3480278.144732834,23.866197183098592,-764938.9511898849,0.4545429751953418,-31579.52036169824,3480278.144732834,6878.3953832717525,-2401.6692420772965,7423.746389367709,9592.983969083489,2405.1594776995307,4,33535.15814734122,40,24,0.5879919967774812,681390.4078956331,-4896.04647086137,35.5,466.98906549167503,5207999.999999999,182010.73156637722,4,0.668256172183724,35448.120586429555,20.54220254382916,29.25,2444779.91633477,16.385993890098554,"[1, 12, 1.25, 12, 0.5, 17]",419.77285170526704,-0.1986123602198391,7.3333,0.5119107769554294,0.668256172183724,2.0,5207999.999999999
TX_24_60_P01_LK0,5914193.403373435,26.7880615942029,-47511.525833600084,0.4545429751953418,-2068.4802130256294,5914193.403373435,10037.436578819661,-1998.9716300003672,-128706.40023659299,14184.995205026555,3693.6028828125004,4,31915.417820529223,60,24,0.546162918094628,46031.66712956587,-2116.29901431988,41.4,635.6768987366759,9528000.0,268700.76788153185,4,0.6207171917898232,2128.7466515994956,22.31478795787194,32.38,4135726.0165204895,17.40369983336491,"[1, 12, 1.625, 12, 0.5, 19.8]",576.7415362782074,-0.5093369043444254,7.3333,0.45906851202224314,0.6207171917898232,1.9550000000000018,9528000.0
TX_24_60_P01_LK1,5914193.403373435,26.7880615942029,-97645.0989410514,0.4545429751953418,-4254.465843598805,5914193.403373435,10037.436578819661,-1998.9716300003672,-128706.40023659299,14184.995205026555,3693.6028828125004,4,31946.687996308665,60,24,0.546162918094628,94672.39658743166,-2271.785194409519,41.4,635.6768987366759,9528000.0,268700.76788153185,4,0.6207171917898232,4381.807469708466,22.31478795787194,32.38,4117395.0753422566,17.40369983336491,"[1, 12, 1.625, 12, 0.5, 19.8]",576.7415362782074,-0.5062416218833747,7.3333,0.45906851202224314,0.6207171917898232,1.9550000000000018,9528000.0
TX_24_60_P01_LK2,5914193.403373435,26.7880615942029,-191808.13433980072,0.4545429751953418,-8350.174162148889,5914193.403373435,10037.436578819661,-1998.9716300003672,-128706.40023659299,14184.995205026555,3693.6028828125004,4,32010.089649783797,60,24,0.546162918094628,185806.6518570278,-2585.586187984152,41.4,635.6768987366759,9528000.0,268700.76788153185,4,0.6207171917898232,8613.602373898593,22.31478795787194,32.38,4083860.2391228206,17.40369983336491,"[1, 12, 1.625, 12, 0.5, 19.8]",576.7415362782074,-0.5004337596460691,7.3333,0.45906851202224314,0.6207171917898232,1.9550000000000018,9528000.0
TX_24_60_P01_LK3,5914193.403373435,26.7880615942029,-347593.4445877165,0.4545429751953418,-15092.059488738023,5914193.403373435,10037.436578819661,-1998.9716300003672,-128706.40023659299,14184.995205026555,3693.6028828125004,4,32131.086684241734,60,24,0.546162918094628,335821.30573810695,-3136.8990281822835,41.4,635.6768987366759,9528000.0,268700.76788153185,4,0.6207171917898232,15614.769948909609,22.31478795787194,32.38,4028950.5686511663,17.40369983336491,"[1, 12, 1.625, 12, 0.5, 19.8]",576.7415362782074,-0.49084476836842744,7.3333,0.45906851202224314,0.6207171917898232,1.9550000000000018,9528000.0
TX_24_60_P01_LK4,5914193.403373435,26.7880615942029,-558352.0712736691,0.4545429751953418,-24124.11732419602,5914193.403373435,10037.436578819661,-1998.9716300003672,-128706.40023659299,14184.995205026555,3693.6028828125004,4,32338.370908550438,60,24,0.546162918094628,536794.6361572328,-3873.2769242736335,41.4,635.6768987366759,9528000.0,268700.76788153185,4,0.6207171917898232,25086.49243536561,22.31478795787194,32.38,3954992.8917893316,17.40369983336491,"[1, 12, 1.625, 12, 0.5, 19.8]",576.7415362782074,-0.477922997638457,7.3333,0.45906851202224314,0.6207171917898232,1.9550000000000018,9528000.0
TX_24_60_P01_LK5,5914193.403373435,26.7880615942029,-777756.4111635936,0.4545429751953418,-33368.00952102174,5914193.403373435,10037.436578819661,-1998.9716300003672,-128706.40023659299,14184.995205026555,3693.6028828125004,4,32637.206385528407,60,24,0.546162918094628,742481.0042607305,-4622.889250945153,41.4,635.6768987366759,9528000.0,268700.76788153185,4,0.6207171917898232,34946.74893158524,22.31478795787194,32.38,3878583.4524143822,17.40369983336491,"[1, 12, 1.625, 12, 0.5, 19.8]",576.7415362782074,-0.4645614561743643,7.3333,0.45906851202224314,0.6207171917898232,1.9550000000000018,9528000.0
TX_24_60_P01_LK6,5914193.403373435,26.7880615942029,-952159.2321153758,0.4545429751953418,-40537.97685078189,5914193.403373435,10037.436578819661,-1998.9716300003672,-128706.40023659299,14184.995205026555,3693.6028828125004,4,32976.963532696594,60,24,0.546162918094628,902019.7526790403,-5199.633105118635,41.4,635.6768987366759,9528000.0,268700.76788153185,4,0.6207171917898232,42784.57618961214,22.31478795787194,32.38,3818491.7225019187,17.40369983336491,"[1, 12, 1.625, 12, 0.5, 19.8]",576.7415362782074,-0.4541380159589716,7.3333,0.45906851202224314,0.6207171917898232,1.9550000000000018,9528000.0
TX_24_60_P01_LK7,5914193.403373435,26.7880615942029,-1063450.6084546945,0.4545429751953418,-44990.59452030498,5914193.403373435,10037.436578819661,-1998.9716300003672,-128706.40023659299,14184.995205026555,3693.6028828125004,4,33272.40980460635,60,24,0.546162918094628,1001094.3892390772,-5554.406589468951,41.4,635.6768987366759,9528000.0,268700.76788153185,4,0.6207171917898232,47786.10607241043,22.31478795787194,32.38,3780584.3566239076,17.40369983336491,"[1, 12, 1.625, 12, 0.5, 19.8]",576.7415362782074,-0.44756866382893024,7.3333,0.45906851202224314,0.6207171917898232,1.9550000000000018,9528000.0
TX_24_60_P01_LK8,5914193.403373435,26.7880615942029,-1124770.671596182,0.4545429751953418,-47388.779978226594,5914193.403373435,10037.436578819661,-1998.9716300003672,-128706.40023659299,14184.995205026555,3693.6028828125004,4,33474.3499973327,60,24,0.546162918094628,1054455.903697524,-5743.887429348813,41.4,635.6768987366759,9528000.0,268700.76788153185,4,0.6207171917898232,50541.878304790094,22.31478795787194,32.38,3759892.0556945857,17.40369983336491,"[1, 12, 1.625, 12, 0.5, 19.8]",576.7415362782074,-0.4439788950766655,7.3333,0.45906851202224314,0.6207171917898232,1.9550000000000018,9528000.0
TX_24_60_P01_LK9,5914193.403373435,26.7880615942029,-1157675.7088845002,0.4545429751953418,-48644.10924612865,5914193.403373435,10037.436578819661,-1998.9716300003672,-128706.40023659299,14184.995205026555,3693.6028828125004,4,33597.55773297183,60,24,0.546162918094628,1082388.1570935163,-5841.697647171401,41.4,635.6768987366759,9528000.0,268700.76788153185,4,0.6207171917898232,52020.62117991745,22.31478795787194,32.38,3749183.679144962,17.40369983336491,"[1, 12, 1.625, 12, 0.5, 19.8]",576.7415362782074,-0.4416010127625945,7.3333,0.45906851202224314,0.6207171917898232,1.9550000000000018,9528000.0
TX_24_80_P01_LK0,8479308.08716688,32.97313296903461,-70872.08981221968,0.4545429751953418,-2471.2890463375825,8479308.08716688,17849.615126485725,-2160.311655988133,-10010.705064949254,25089.44244593832,8389.107590163934,4,32226.552055669687,80,24,0.5387680043767594,69630.28474723932,-2527.166490685972,54.9,954.1983629233848,13848000.0,547645.1923055064,5,0.6123128312512189,2511.8795758482847,26.2937387243797,38.75,5628318.441455791,20.53748145226701,"[1.25, 14, 1.75, 14, 0.5, 25.8]",869.1238586372729,-0.6817370055937148,7.3333,0.44172671144123454,0.6123128312512189,1.9499999999999993,13848000.0
TX_24_80_P01_LK1,8479308.08716688,32.97313296903461,-145803.85703748284,0.4545429751953418,-5086.253246778592,8479308.08716688,17849.615126485725,-2160.311655988133,-10010.705064949254,25089.44244593832,8389.107590163934,4,32253.170819795512,80,24,0.5387680043767594,143285.86231054473,-2700.428217320299,54.9,954.1983629233848,13848000.0,547645.1923055064,5,0.6123128312512189,5172.139741251644,26.2937387243797,38.75,5600249.462812951,20.53748145226701,"[1.25, 14, 1.75, 14, 0.5, 25.8]",869.1238586372729,-0.677406534604868,7.3333,0.44172671144123454,0.6123128312512189,1.9499999999999993,13848000.0
TX_24_80_P01_LK2,8479308.08716688,32.97313296903461,-289834.7006423437,0.4545429751953418,-10070.232141951654,8479308.08716688,17849.615126485725,-2160.311655988133,-10010.705064949254,25089.44244593832,8389.107590163934,4,32675.81950229423,80,24,0.5387680043767594,283681.8734283495,-2985.248967653366,54.9,954.1983629233848,13848000.0,547645.1923055064,5,0.6123128312512189,10284.970733457874,26.2937387243797,38.75,5568586.208592726,20.53748145226701,"[1.25, 14, 1.75, 14, 0.5, 25.8]",869.1238586372729,-0.6491538522475069,7.3333,0.44172671144123454,0.6123128312512189,1.9499999999999993,13848000.0
TX_24_80_P01_LK3,8479308.08716688,32.97313296903461,-520086.4183804384,0.4545429751953418,-18104.605184780936,8479308.08716688,17849.615126485725,-2160.311655988133,-10010.705064949254,25089.44244593832,8389.107590163934,4,32411.24407972956,80,24,0.5387680043767594,509973.10202417604,-3556.3747134067535,54.9,954.1983629233848,13848000.0,547645.1923055064,5,0.6123128312512189,18460.07341357429,26.2937387243797,38.75,5463394.29649298,20.53748145226701,"[1.25, 14, 1.75, 14, 0.5, 25.8]",869.1238586372729,-0.6558156398493662,7.3333,0.44172671144123454,0.6123128312512189,1.9499999999999993,13848000.0
TX_24_80_P01_LK4,8479308.08716688,32.97313296903461,-836517.2522003556,0.4545429751953418,-29033.56561805168,8479308.08716688,17849.615126485725,-2160.311655988133,-10010.705064949254,25089.44244593832,8389.107590163934,4,32591.236645000245,80,24,0.5387680043767594,817808.4140602333,-4262.693658242286,54.9,954.1983629233848,13848000.0,547645.1923055064,5,0.6123128312512189,29694.115814794513,26.2937387243797,38.75,5348203.015220863,20.53748145226701,"[1.25, 14, 1.75, 14, 0.5, 25.8]",869.1238586372729,-0.6376333931353554,7.3333,0.44172671144123454,0.6123128312512189,1.9499999999999993,13848000.0
TX_24_80_P01_LK5,8479308.08716688,32.97313296903461,-1166635.9920617337,0.4545429751953418,-40316.15937825673,8479308.08716688,17849.615126485725,-2160.311655988133,-10010.705064949254,25089.44244593832,8389.107590163934,4,32855.11554940718,80,24,0.5387680043767594,1135604.2893243327,-5017.149303735972,54.9,954.1983629233848,13848000.0,547645.1923055064,5,0.6123128312512189,41414.08660418124,26.2937387243797,38.75,5228829.585666464,20.53748145226701,"[1.25, 14, 1.75, 14, 0.5, 25.8]",869.1238586372729,-0.6189069915516042,7.3333,0.44172671144123454,0.6123128312512189,1.9499999999999993,13848000.0
TX_24_80_P01_LK6,8479308.08716688,32.97313296903461,-1429530.7968293913,0.4545429751953418,-49162.33918150069,8479308.08716688,17849.615126485725,-2160.311655988133,-10010.705064949254,25089.44244593832,8389.107590163934,4,33161.541481374836,80,24,0.5387680043767594,1384773.6958853637,-5679.098067065954,54.9,954.1983629233848,13848000.0,547645.1923055064,5,0.6123128312512189,50747.42374365752,26.2937387243797,38.75,5134719.319426725,20.53748145226701,"[1.25, 14, 1.75, 14, 0.5, 25.8]",869.1238586372729,-0.6041505172333649,7.3333,0.44172671144123454,0.6123128312512189,1.9499999999999993,13848000.0
TX_24_80_P01_LK7,8479308.08716688,32.97313296903461,-1597572.48457025,0.4545429751953418,-54717.04294839093,8479308.08716688,17849.615126485725,-2160.311655988133,-10010.705064949254,25089.44244593832,8389.107590163934,4,33433.638173028376,80,24,0.5387680043767594,1541232.337187596,-6093.214657389099,54.9,954.1983629233848,13848000.0,547645.1923055064,5,0.6123128312512189,56713.246078006385,26.2937387243797,38.75,5075269.505002707,20.53748145226701,"[1.25, 14, 1.75, 14, 0.5, 25.8]",869.1238586372729,-0.5948166882746087,7.3333,0.44172671144123454,0.6123128312512189,1.9499999999999993,13848000.0
TX_24_80_P01_LK8,8479308.08716688,32.97313296903461,-1690306.5494747644,0.4545429751953418,-57736.07114626254,8479308.08716688,17849.615126485725,-2160.311655988133,-10010.705064949254,25089.44244593832,8389.107590163934,4,33622.67993513732,80,24,0.5387680043767594,1626268.8903981254,-6317.666377481995,54.9,954.1983629233848,13848000.0,547645.1923055064,5,0.6123128312512189,60005.48305539784,26.2937387243797,38.75,5042799.309610333,20.53748145226701,"[1.25, 14, 1.75, 14, 0.5, 25.8]",869.1238586372729,-0.5897129835910251,7.3333,0.44172671144123454,0.6123128312512189,1.9499999999999993,13848000.0
TX_24_80_P01_LK9,8479308.08716688,32.97313296903461,-1739334.7138919851,0.4545429751953418,-59298.33858593497,8479308.08716688,17849.615126485725,-2160.311655988133,-10010.705064949254,25089.44244593832,8389.107590163934,4,33740.669825068704,80,24,0.5387680043767594,1670273.6580096772,-6432.994922974673,54.9,954.1983629233848,13848000.0,547645.1923055064,5,0.6123128312512189,61746.03668299154,26.2937387243797,38.75,5026017.318794748,20.53748145226701,"[1.25, 14, 1.75, 14, 0.5, 25.8]",869.1238586372729,-0.586474121686552,7.3333,0.44172671144123454,0.6123128312512189,1.9499999999999993,13848000.0
TX_28_35_R08_LK0,3424236.653443931,24.200000000000003,-29097.22931449422,0.5384792892581054,-615.8157713886976,3424236.653443931,19816.116937677085,-2254.166066815655,-10136.765306801959,26335.510357765335,9800.0,4,35479.68418978355,35,28,0.7157963367827266,23413.492193724105,-1139.7422985873586,43.8,739.720367432748,4209230.769230769,285181.94641946635,3,0.8135065148898228,761.9365010220154,35.601980852797915,48.2,2685429.016999848,29.40911399146812,"[40, 149]",673.8087024119781,-0.059930479651986196,8.667,0.6207369714473236,0.8135065148898228,0.20000000000000284,4209230.769230769
TX_28_35_R08_LK1,3424236.653443931,24.200000000000003,-56319.83355198588,0.5384792892581054,-1168.2168725074494,3424236.653443931,19816.116937677085,-2254.166066815655,-10136.765306801959,26335.510357765335,9800.0,4,35529.864939492276,35,28,0.7157963367827266,44492.73657958092,-1264.8360463120111,43.8,739.720367432748,4209230.769230769,285181.94641946635,3,0.8135065148898228,1475.3504894381704,35.601980852797915,48.2,2672863.1931575583,29.40911399146812,"[40, 149]",673.8087024119781,-0.059587091634799354,8.667,0.6207369714473236,0.8135065148898228,0.20000000000000284,4209230.769230769
TX_28_35_R08_LK2,3424236.653443931,24.200000000000003,-111843.9428663525,0.5384792892581054,-2017.2840287581996,3424236.653443931,19816.116937677085,-2254.166066815655,-10136.765306801959,26335.510357765335,9800.0,4,35629.924557563434,35,28,0.7157963367827266,76992.2695287683,-1452.3293392351945,43.8,739.720367432748,4209230.769230769,285181.94641946635,3,0.8135065148898228,2765.5767892708773,35.601980852797915,48.2,2653180.6383893318,29.40911399146812,"[40, 149]",673.8087024119781,-0.05903993977213009,8.667,0.6207369714473236,0.8135065148898228,0.20000000000000284,4209230.769230769
TX_28_35_R08_LK3,3424236.653443931,24.200000000000003,-213210.31675782753,0.5384792892581054,-3414.3103949655238,3424236.653443931,19816.116937677085,-2254.166066815655,-10136.765306801959,26335.510357765335,9800.0,4,35816.06694279253,35,28,0.7157963367827266,130295.35549452691,-1662.3043974363657,43.8,739.720367432748,4209230.769230769,285181.94641946635,3,0.8135065148898228,5275.876149523026,35.601980852797915,48.2,2627720.092528279,29.40911399146812,"[40, 149]",673.8087024119781,-0.05833176300111245,8.667,0.6207369714473236,0.8135065148898228,0.20000000000000284,4209230.769230769
TX_28_35_R08_LK4,3424236.653443931,24.200000000000003,-375457.2162797611,0.5384792892581054,-5963.086974723137,3424236.653443931,19816.116937677085,-2254.166066815655,-10136.765306801959,26335.510357765335,9800.0,4,36123.11537316345,35,28,0.7157963367827266,227637.51549491385,-1809.331237245389,43.8,739.720367432748,4209230.769230769,285181.94641946635,3,0.8135065148898228,9293.844094145014,35.601980852797915,48.2,2601916.01574433,29.40911399146812,"[40, 149]",673.8087024119781,-0.057613549156075555,8.667,0.6207369714473236,0.8135065148898228,0.20000000000000284,4209230.769230769
TX_28_35_R08_LK5,3424236.653443931,24.200000000000003,-591110.4029290308,0.5384792892581054,-9359.607420766975,3424236.653443931,19816.116937677085,-2254.166066815655,-10136.765306801959,26335.510357765335,9800.0,4,36541.670554264376,35,28,0.7157963367827266,357229.92250019894,-1839.505037029041,43.8,739.720367432748,4209230.769230769,285181.94641946635,3,0.8135065148898228,14634.375871587206,35.601980852797915,48.2,2581751.37982531,29.40911399146812,"[40, 149]",673.8087024119781,-0.05703053285558771,8.667,0.6207369714473236,0.8135065148898228,0.20000000000000284,4209230.769230769
TX_28_35_R08_LK6,3424236.653443931,24.200000000000003,-814606.0763176238,0.5384792892581054,-12723.467804434105,3424236.653443931,19816.116937677085,-2254.166066815655,-10136.765306801959,26335.510357765335,9800.0,4,36983.98020765181,35,28,0.7157963367827266,485576.20292435656,-1783.4008004064763,43.8,739.720367432748,4209230.769230769,285181.94641946635,3,0.8135065148898228,20169.106806834297,35.601980852797915,48.2,2568121.9965538736,29.40911399146812,"[40, 149]",673.8087024119781,-0.05663330125265356,8.667,0.6207369714473236,0.8135065148898228,0.20000000000000284,4209230.769230769
TX_28_35_R08_LK7,3424236.653443931,24.200000000000003,-992364.0485490051,0.5384792892581054,-15270.981000220812,3424236.653443931,19816.116937677085,-2254.166066815655,-10136.765306801959,26335.510357765335,9800.0,4,37340.73819695035,35,28,0.7157963367827266,582775.1966478099,-2116.5523389489945,43.8,739.720367432748,4209230.769230769,285181.94641946635,3,0.8135065148898228,24571.162469429604,35.601980852797915,48.2,2559992.950658181,29.40911399146812,"[40, 149]",673.8087024119781,-0.05639783879584723,8.667,0.6207369714473236,0.8135065148898228,0.20000000000000284,4209230.769230769
TX_28_35_R08_LK8,3424236.653443931,24.200000000000003,-1105783.374624659,0.5384792892581054,-16835.598270030445,3424236.653443931,19816.116937677085,-2254.166066815655,-10136.765306801959,26335.510357765335,9800.0,4,37570.4203180242,35,28,0.7157963367827266,642472.3259579777,-2359.097412190317,43.8,739.720367432748,4209230.769230769,285181.94641946635,3,0.8135065148898228,27379.911092691716,35.601980852797915,48.2,2555627.797779605,29.40911399146812,"[40, 149]",673.8087024119781,-0.0562722216716441,8.667,0.6207369714473236,0.8135065148898228,0.20000000000000284,4209230.769230769
TX_28_35_R08_LK9,3424236.653443931,24.200000000000003,-1168186.3965674117,0.5384792892581054,-17676.21571091475,3424236.653443931,19816.116937677085,-2254.166066815655,-10136.765306801959,26335.510357765335,9800.0,4,37697.43357234514,35,28,0.7157963367827266,674545.6317676345,-2489.4095057719596,43.8,739.720367432748,4209230.769230769,285181.94641946635,3,0.8135065148898228,28925.27607493104,35.601980852797915,48.2,2553440.074942036,29.40911399146812,"[40, 149]",673.8087024119781,-0.05620956547986978,8.667,0.6207369714473236,0.8135065148898228,0.20000000000000284,4209230.769230769
TX_28_40_P01_LK0,3922177.2985956073,23.866197183098592,-32950.89370739971,0.5384792892581054,-1302.2630631559496,3922177.2985956073,7194.221597471409,-3054.4958920296153,5454.552441755397,9990.21148827011,2405.1594776995307,4,34621.17370759227,40,28,0.6626507323866713,29131.73173468689,-1731.167529246472,35.5,473.8844117466911,5207999.999999999,182010.73156637722,4,0.753106240129725,1470.0878679086468,21.08153642667244,29.25,2909595.057945748,16.894710665270832,"[1, 12, 1.25, 12, 0.5, 17]",425.8268602527785,-0.23720677889043423,8.667,0.5679854106024511,0.753106240129725,2.0,5207999.999999999
TX_28_40_P01_LK1,3922177.2985956073,23.866197183098592,-67750.15827075402,0.5384792892581054,-2670.723918037385,3922177.2985956073,7194.221597471409,-3054.4958920296153,5454.552441755397,9990.21148827011,2405.1594776995307,4,34662.454607658205,40,28,0.6626507323866713,59765.45560804573,-1879.9126285104337,35.5,473.8844117466911,5207999.999999999,182010.73156637722,4,0.753106240129725,3024.6312683748833,21.08153642667244,29.25,2895924.084229277,16.894710665270832,"[1, 12, 1.25, 12, 0.5, 17]",425.8268602527785,-0.23586111359782266,8.667,0.5679854106024511,0.753106240129725,2.0,5207999.999999999
TX_28_40_P01_LK2,3922177.2985956073,23.866197183098592,-133035.5013956503,0.5384792892581054,-5211.854221322072,3922177.2985956073,7194.221597471409,-3054.4958920296153,5454.552441755397,9990.21148827011,2405.1594776995307,4,34745.99174195822,40,28,0.6626507323866713,116649.99378908111,-2155.7431157015158,35.5,473.8844117466911,5207999.999999999,182010.73156637722,4,0.753106240129725,5941.041345611927,21.08153642667244,29.25,2870426.5391275296,16.894710665270832,"[1, 12, 1.25, 12, 0.5, 17]",425.8268602527785,-0.2333408436149759,8.667,0.5679854106024511,0.753106240129725,2.0,5207999.999999999
TX_28_40_P01_LK3,3922177.2985956073,23.866197183098592,-240879.64283431345,0.5384792892581054,-9322.68655939627,3922177.2985956073,7194.221597471409,-3054.4958920296153,5454.552441755397,9990.21148827011,2405.1594776995307,4,34904.77420489091,40,28,0.6626507323866713,208673.0855883505,-2600.656578240338,35.5,473.8844117466911,5207999.999999999,182010.73156637722,4,0.753106240129725,10758.629758742753,21.08153642667244,29.25,2828567.337399499,16.894710665270832,"[1, 12, 1.25, 12, 0.5, 17]",425.8268602527785,-0.22919135822593448,8.667,0.5679854106024511,0.753106240129725,2.0,5207999.999999999
TX_28_40_P01_LK4,3922177.2985956073,23.866197183098592,-386635.7352333474,0.5384792892581054,-14659.579444670058,3922177.2985956073,7194.221597471409,-3054.4958920296153,5454.552441755397,9990.21148827011,2405.1594776995307,4,35174.66805794168,40,28,0.6626507323866713,328142.0273737285,-3174.737742822773,35.5,473.8844117466911,5207999.999999999,182010.73156637722,4,0.753106240129725,17269.81915394509,21.08153642667244,29.25,2774826.15969067,16.894710665270832,"[1, 12, 1.25, 12, 0.5, 17]",425.8268602527785,-0.2236155583084814,8.667,0.5679854106024511,0.753106240129725,2.0,5207999.999999999
TX_28_40_P01_LK5,3922177.2985956073,23.866197183098592,-538072.5179130757,0.5384792892581054,-19824.254599919255,3922177.2985956073,7194.221597471409,-3054.4958920296153,5454.552441755397,9990.21148827011,2405.1594776995307,4,35567.79512158376,40,28,0.6626507323866713,443755.47663747985,-3724.223493481679,35.5,473.8844117466911,5207999.999999999,182010.73156637722,4,0.753106240129725,24034.78628448141,21.08153642667244,29.25,2720368.4348101234,16.894710665270832,"[1, 12, 1.25, 12, 0.5, 17]",425.8268602527785,-0.2179452398025855,8.667,0.5679854106024511,0.753106240129725,2.0,5207999.999999999
TX_28_40_P01_LK6,3922177.2985956073,23.866197183098592,-659536.9653762722,0.5384792892581054,-23584.963715918635,3922177.2985956073,7194.221597471409,-3054.4958920296153,5454.552441755397,9990.21148827011,2405.1594776995307,4,35987.896153355054,40,28,0.6626507323866713,527940.2119405555,-4114.593598416905,35.5,473.8844117466911,5207999.999999999,182010.73156637722,4,0.753106240129725,29460.85409691956,21.08153642667244,29.25,2675571.68878058,16.894710665270832,"[1, 12, 1.25, 12, 0.5, 17]",425.8268602527785,-0.21330380763329548,8.667,0.5679854106024511,0.753106240129725,2.0,5207999.999999999
TX_28_40_P01_LK7,3922177.2985956073,23.866197183098592,-750977.8357231783,0.5384792892581054,-25713.838789534257,3922177.2985956073,7194.221597471409,-3054.4958920296153,5454.552441755397,9990.21148827011,2405.1594776995307,4,36354.64697754029,40,28,0.6626507323866713,575595.4552572047,-4329.006194681,35.5,473.8844117466911,5207999.999999999,182010.73156637722,4,0.753106240129725,32915.50148950104,21.08153642667244,29.25,2647790.332621383,16.894710665270832,"[1, 12, 1.25, 12, 0.5, 17]",425.8268602527785,-0.2104136016134366,8.667,0.5679854106024511,0.753106240129725,2.0,5207999.999999999
TX_28_40_P01_LK8,3922177.2985956073,23.866197183098592,-843796.9759950675,0.5384792892581054,-26773.22732500705,3922177.2985956073,7194.221597471409,-3054.4958920296153,5454.552441755397,9990.21148827011,2405.1594776995307,4,36601.905690516505,40,28,0.6626507323866713,599309.8768655398,-4432.016094309355,35.5,473.8844117466911,5207999.999999999,182010.73156637722,4,0.753106240129725,34822.44310209669,21.08153642667244,29.25,2632536.580219169,16.894710665270832,"[1, 12, 1.25, 12, 0.5, 17]",425.8268602527785,-0.20882602169336306,8.667,0.5679854106024511,0.753106240129725,2.0,5207999.999999999
TX_28_40_P01_LK9,3922177.2985956073,23.866197183098592,-897478.899811255,0.5384792892581054,-27650.500091044978,3922177.2985956073,7194.221597471409,-3054.4958920296153,5454.552441755397,9990.21148827011,2405.1594776995307,4,36745.34386058525,40,28,0.6626507323866713,618977.5399013549,-4482.0943385809605,35.5,473.8844117466911,5207999.999999999,182010.73156637722,4,0.753106240129725,37037.916523012565,21.08153642667244,29.25,2624746.6590343113,16.894710665270832,"[1, 12, 1.25, 12, 0.5, 17]",425.8268602527785,-0.20763665971489872,8.667,0.5679854106024511,0.753106240129725,2.0,5207999.999999999
TX_28_40_R08_LK0,4084381.6529154764,24.200000000000003,-38248.15804871645,0.5384792892581054,-837.8684559504505,4084381.6529154764,19816.116937677085,-2254.166066815655,-10136.765306801959,26335.510357765335,9800.0,4,35642.34812633124,40,28,0.690055111639199,31892.643989231576,-1399.3984704778345,43.8,739.720367432748,5207999.999999999,285181.94641946635,3,0.7842514694538166,1001.3465508410632,35.601980852797915,48.2,3096169.6484838454,29.40911399146812,"[40, 149]",673.8087024119781,-0.08879953371966336,8.667,0.5913170379643811,0.7842514694538166,0.20000000000000284,5207999.999999999
TX_28_40_R08_LK1,4084381.6529154764,24.200000000000003,-75034.33995383276,0.5384792892581054,-1622.20539695543,4084381.6529154764,19816.116937677085,-2254.166066815655,-10136.765306801959,26335.510357765335,9800.0,4,35693.67736419522,40,28,0.690055111639199,61821.05107111181,-1551.3883958171575,43.8,739.720367432748,5207999.999999999,285181.94641946635,3,0.7842514694538166,1965.421710240022,35.601980852797915,48.2,3079733.623566856,29.40911399146812,"[40, 149]",673.8087024119781,-0.08820462829397867,8.667,0.5913170379643811,0.7842514694538166,0.20000000000000284,5207999.999999999
TX_28_40_R08_LK2,4084381.6529154764,24.200000000000003,-135778.56891126104,0.5384792892581054,-2856.47459640227,4084381.6529154764,19816.116937677085,-2254.166066815655,-10136.765306801959,26335.510357765335,9800.0,4,35796.06576253758,40,28,0.690055111639199,108917.83899750236,-1791.5748202485215,43.8,739.720367432748,5207999.999999999,285181.94641946635,3,0.7842514694538166,3557.3822598604993,35.601980852797915,48.2,3052736.5181506234,29.40911399146812,"[40, 149]",673.8087024119781,-0.08722521694384647,8.667,0.5913170379643811,0.7842514694538166,0.20000000000000284,5207999.999999999
TX_28_40_R08_LK3,4084381.6529154764,24.200000000000003,-243191.5660998057,0.5384792892581054,-4448.6757734427965,4084381.6529154764,19816.116937677085,-2254.166066815655,-10136.765306801959,26335.510357765335,9800.0,4,35986.23758658642,40,28,0.690055111639199,169775.44588759457,-2087.1579237093297,43.8,739.720367432748,5207999.999999999,285181.94641946635,3,0.7842514694538166,6017.788482585412,35.601980852797915,48.2,3016349.4178834013,29.40911399146812,"[40, 149]",673.8087024119781,-0.08590337482324807,8.667,0.5913170379643811,0.7842514694538166,0.20000000000000284,5207999.999999999
TX_28_40_R08_LK4,4084381.6529154764,24.200000000000003,-424913.9713286414,0.5384792892581054,-6869.863615486173,4084381.6529154764,19816.116937677085,-2254.166066815655,-10136.765306801959,26335.510357765335,9800.0,4,36298.39792031511,40,28,0.690055111639199,262261.3405354677,-2338.456426371403,43.8,739.720367432748,5207999.999999999,285181.94641946635,3,0.7842514694538166,10518.078694499607,35.601980852797915,48.2,2979352.977270424,29.40911399146812,"[40, 149]",673.8087024119781,-0.08451381521462523,8.667,0.5913170379643811,0.7842514694538166,0.20000000000000284,5207999.999999999
TX_28_40_R08_LK5,4084381.6529154764,24.200000000000003,-662384.2884300505,0.5384792892581054,-10687.895384401734,4084381.6529154764,19816.116937677085,-2254.166066815655,-10136.765306801959,26335.510357765335,9800.0,4,36720.687151711994,40,28,0.690055111639199,407935.47631543747,-2462.0823077463842,43.8,739.720367432748,5207999.999999999,285181.94641946635,3,0.7842514694538166,16398.9209989964,35.601980852797915,48.2,2949462.990130663,29.40911399146812,"[40, 149]",673.8087024119781,-0.08337250064659912,8.667,0.5913170379643811,0.7842514694538166,0.20000000000000284,5207999.999999999
TX_28_40_R08_LK6,4084381.6529154764,24.200000000000003,-904649.6775891235,0.5384792892581054,-14403.964897320822,4084381.6529154764,19816.116937677085,-2254.166066815655,-10136.765306801959,26335.510357765335,9800.0,4,37163.31088940811,40,28,0.690055111639199,549719.3232894376,-2472.007523716521,43.8,739.720367432748,5207999.999999999,285181.94641946635,3,0.7842514694538166,22398.489228184317,35.601980852797915,48.2,2929387.8975181147,29.40911399146812,"[40, 149]",673.8087024119781,-0.0826048032636098,8.667,0.5913170379643811,0.7842514694538166,0.20000000000000284,5207999.999999999
TX_28_40_R08_LK7,4084381.6529154764,24.200000000000003,-1095075.2416458847,0.5384792892581054,-17176.135022416187,4084381.6529154764,19816.116937677085,-2254.166066815655,-10136.765306801959,26335.510357765335,9800.0,4,37517.94097111223,40,28,0.690055111639199,655489.4002164128,-2436.2285498808506,43.8,739.720367432748,5207999.999999999,285181.94641946635,3,0.7842514694538166,27114.25991731715,35.601980852797915,48.2,2917710.401110412,29.40911399146812,"[40, 149]",673.8087024119781,-0.08215885220778937,8.667,0.5913170379643811,0.7842514694538166,0.20000000000000284,5207999.999999999
TX_28_40_R08_LK8,4084381.6529154764,24.200000000000003,-1215671.9409070408,0.5384792892581054,-18861.126264518607,4084381.6529154764,19816.116937677085,-2254.166066815655,-10136.765306801959,26335.510357765335,9800.0,4,37745.238984196214,40,28,0.690055111639199,719778.9820732484,-2401.1000849177267,43.8,739.720367432748,5207999.999999999,285181.94641946635,3,0.7842514694538166,30100.756827722085,35.601980852797915,48.2,2911555.6123814764,29.40911399146812,"[40, 149]",673.8087024119781,-0.08192448375861687,8.667,0.5913170379643811,0.7842514694538166,0.20000000000000284,5207999.999999999
TX_28_40_R08_LK9,4084381.6529154764,24.200000000000003,-1281748.2975386842,0.5384792892581054,-19760.96029133962,4084381.6529154764,19816.116937677085,-2254.166066815655,-10136.765306801959,26335.510357765335,9800.0,4,37870.614358290564,40,28,0.690055111639199,754111.4776329951,-2378.77870650025,43.8,739.720367432748,5207999.999999999,285181.94641946635,3,0.7842514694538166,31737.092103751882,35.601980852797915,48.2,2908503.421575212,29.40911399146812,"[40, 149]",673.8087024119781,-0.08180855491058077,8.667,0.5913170379643811,0.7842514694538166,0.20000000000000284,5207999.999999999
TX_30_100_R02_LK0,9993421.262318889,24.490000000000002,-112941.70223810853,0.42857142857142855,-2996.6562950122056,9993421.262318889,29580.302362573497,-3000.9674443082413,-8485.740680347135,38677.757862072845,15600.0,5,31024.41485060903,100,30,0.48398902095332064,107376.25235827557,-3344.9903322304094,68.1,1210.8735348759967,18168000.0,454054.86709667137,5,0.550056212148772,3150.7326674534256,31.942029244229673,46.49,6593000.992362232,26.643077886873876,"[36, 231]",1110.2434368946049,-0.7529432436968645,7.0,0.39156078036563013,0.550056212148772,2.490000000000002,18168000.0
TX_30_100_R02_LK1,9993421.262318889,24.490000000000002,-231505.26369929628,0.42857142857142855,-6135.105710791972,9993421.262318889,29580.302362573497,-3000.9674443082413,-8485.740680347135,38677.757862072845,15600.0,5,31055.178293410147,100,30,0.48398902095332064,219797.10712468685,-3590.502283177177,68.1,1210.8735348759967,18168000.0,454054.86709667137,5,0.550056212148772,6460.636045252697,31.942029244229673,46.49,6547653.098544287,26.643077886873876,"[36, 231]",1110.2434368946049,-0.7461127394299363,7.0,0.39156078036563013,0.550056212148772,2.490000000000002,18168000.0
TX_30_100_R02_LK2,9993421.262318889,24.490000000000002,-451806.79345715756,0.42857142857142855,-11937.427694125292,9993421.262318889,29580.302362573497,-3000.9674443082413,-8485.740680347135,38677.757862072845,15600.0,5,31118.23029260043,100,30,0.48398902095332064,427639.17349668883,-4043.792162943045,68.1,1210.8735348759967,18168000.0,454054.86709667137,5,0.550056212148772,12610.723921874278,31.942029244229673,46.49,6463658.655743136,26.643077886873876,"[36, 231]",1110.2434368946049,-0.7334548659068657,7.0,0.39156078036563013,0.550056212148772,2.490000000000002,18168000.0
TX_30_100_R02_LK3,9993421.262318889,24.490000000000002,-809827.5449679302,0.42857142857142855,-21269.884639207576,9993421.262318889,29580.302362573497,-3000.9674443082413,-8485.740680347135,38677.757862072845,15600.0,5,31240.877316050115,100,30,0.48398902095332064,761932.241439918,-4770.8576993746465,68.1,1210.8735348759967,18168000.0,454054.86709667137,5,0.550056212148772,22605.462618146295,31.942029244229673,46.49,6328045.684146707,26.643077886873876,"[36, 231]",1110.2434368946049,-0.7129972217137602,7.0,0.39156078036563013,0.550056212148772,2.490000000000002,18168000.0
TX_30_100_R02_LK4,9993421.262318889,24.490000000000002,-1282793.8180384324,0.42857142857142855,-33351.18685908569,9993421.262318889,29580.302362573497,-3000.9674443082413,-8485.740680347135,38677.757862072845,15600.0,5,31457.329551585986,100,30,0.48398902095332064,1194689.786841437,-5707.067999883295,68.1,1210.8735348759967,18168000.0,454054.86709667137,5,0.550056212148772,35809.06074128638,31.942029244229673,46.49,6151184.242686004,26.643077886873876,"[36, 231]",1110.2434368946049,-0.6864342724565388,7.0,0.39156078036563013,0.550056212148772,2.490000000000002,18168000.0
TX_30_100_R02_LK5,9993421.262318889,24.490000000000002,-1764130.5242552115,0.42857142857142855,-45215.84582011228,9993421.262318889,29580.302362573497,-3000.9674443082413,-8485.740680347135,38677.757862072845,15600.0,5,31782.58226301566,100,30,0.48398902095332064,1619686.3025174153,-6618.067649627555,68.1,1210.8735348759967,18168000.0,454054.86709667137,5,0.550056212148772,49246.270310583925,31.942029244229673,46.49,5975256.726124392,26.643077886873876,"[36, 231]",1110.2434368946049,-0.659924056977235,7.0,0.39156078036563013,0.550056212148772,2.490000000000002,18168000.0
TX_30_100_R02_LK6,9993421.262318889,24.490000000000002,-2142046.7767728544,0.42857142857142855,-54061.192732476,9993421.262318889,29580.302362573497,-3000.9674443082413,-8485.740680347135,38677.757862072845,15600.0,5,32172.71613879274,100,30,0.48398902095332064,1936529.1723552933,-7288.50048430071,68.1,1210.8735348759967,18168000.0,454054.86709667137,5,0.550056212148772,59796.27477649902,31.942029244229673,46.49,5841702.3133137245,26.643077886873876,"[36, 231]",1110.2434368946049,-0.6396927413070469,7.0,0.39156078036563013,0.550056212148772,2.490000000000002,18168000.0
TX_30_100_R02_LK7,9993421.262318889,24.490000000000002,-2383221.8268314824,0.42857142857142855,-59390.12273843449,9993421.262318889,29580.302362573497,-3000.9674443082413,-8485.740680347135,38677.757862072845,15600.0,5,32533.453838116046,100,30,0.48398902095332064,2127412.536289849,-7686.903870486229,68.1,1210.8735348759967,18168000.0,454054.86709667137,5,0.550056212148772,66528.9228964001,31.942029244229673,46.49,5759667.256837404,26.643077886873876,"[36, 231]",1110.2434368946049,-0.6272050053320678,7.0,0.39156078036563013,0.550056212148772,2.490000000000002,18168000.0
TX_30_100_R02_LK8,9993421.262318889,24.490000000000002,-2516955.8000074537,0.42857142857142855,-62206.40383638435,9993421.262318889,29580.302362573497,-3000.9674443082413,-8485.740680347135,38677.757862072845,15600.0,5,32794.43707964535,100,30,0.48398902095332064,2228292.138953186,-7895.197274607186,68.1,1210.8735348759967,18168000.0,454054.86709667137,5,0.550056212148772,70262.21684219984,31.942029244229673,46.49,5715638.37738816,26.643077886873876,"[36, 231]",1110.2434368946049,-0.6205104034203744,7.0,0.39156078036563013,0.550056212148772,2.490000000000002,18168000.0
TX_30_100_R02_LK9,9993421.262318889,24.490000000000002,-2585078.0344297546,0.42857142857142855,-63596.39450567762,9993421.262318889,29580.302362573497,-3000.9674443082413,-8485.740680347135,38677.757862072845,15600.0,5,32950.748649766174,100,30,0.48398902095332064,2278081.7643011264,-7997.3144675936055,68.1,1210.8735348759967,18168000.0,454054.86709667137,5,0.550056212148772,72163.89578023231,31.942029244229673,46.49,5693695.890825993,26.643077886873876,"[36, 231]",1110.2434368946049,-0.617162551244443,7.0,0.39156078036563013,0.550056212148772,2.490000000000002,18168000.0
TX_30_30_P06_LK0,2487846.9836843754,38.0,-25220.659688098018,0.42857142857142855,-481.3905776257722,2487846.9836843754,14818.221232180957,-2900.5285800701217,-39192.98351499239,18598.320813118607,5983.453125,5,29943.697776746427,30,30,0.6653819811198098,17046.815972370794,-802.3911268924181,33.75,571.8079369118886,3289887.6404494382,440176.6066288233,3,0.7562103194942261,709.87806188966,32.52546810308523,43.0,1978213.0991540519,27.891199716493496,"[0.75, 12, 0.75, 12, 0.5, 31.5]",531.2866202531325,-0.05294091022226389,7.0,0.5966949243394744,0.7562103194942261,2.0,3289887.6404494382
TX_30_30_P06_LK1,2487846.9836843754,38.0,-50075.672362574696,0.42857142857142855,-932.3368700067958,2487846.9836843754,14818.221232180957,-2900.5285800701217,-39192.98351499239,18598.320813118607,5983.453125,5,29991.916925826277,30,30,0.6653819811198098,33050.19538980365,-929.9237006976432,33.75,571.8079369118886,3289887.6404494382,440176.6066288233,3,0.7562103194942261,1410.2873526705857,32.52546810308523,43.0,1967681.9140326378,27.891199716493496,"[0.75, 12, 0.75, 12, 0.5, 31.5]",531.2866202531325,-0.05262078023860283,7.0,0.5966949243394744,0.7562103194942261,2.0,3289887.6404494382
TX_30_30_P06_LK2,2487846.9836843754,38.0,-92488.05228081488,0.42857142857142855,-1744.4634863701115,2487846.9836843754,14818.221232180957,-2900.5285800701217,-39192.98351499239,18598.320813118607,5983.453125,5,30088.204391465228,30,30,0.6653819811198098,61901.10730097108,-1135.1499318694277,33.75,571.8079369118886,3289887.6404494382,440176.6066288233,3,0.7562103194942261,2605.4637641296363,32.52546810308523,43.0,1949720.9732999385,27.891199716493496,"[0.75, 12, 0.75, 12, 0.5, 31.5]",531.2866202531325,-0.0520747617883991,7.0,0.5966949243394744,0.7562103194942261,2.0,3289887.6404494382
TX_30_30_P06_LK3,2487846.9836843754,38.0,-162564.19295867963,0.42857142857142855,-2986.654039373929,2487846.9836843754,14818.221232180957,-2900.5285800701217,-39192.98351499239,18598.320813118607,5983.453125,5,30266.284428865227,30,30,0.6653819811198098,105979.71656881455,-1393.610975157795,33.75,571.8079369118886,3289887.6404494382,440176.6066288233,3,0.7562103194942261,4381.924263113194,32.52546810308523,43.0,1924091.0052106467,27.891199716493496,"[0.75, 12, 0.75, 12, 0.5, 31.5]",531.2866202531325,-0.05129553992405257,7.0,0.5966949243394744,0.7562103194942261,2.0,3289887.6404494382
TX_30_30_P06_LK4,2487846.9836843754,38.0,-287276.15255440795,0.42857142857142855,-5003.463385498843,2487846.9836843754,14818.221232180957,-2900.5285800701217,-39192.98351499239,18598.320813118607,5983.453125,5,30553.816133542008,30,30,0.6653819811198098,177587.14857692292,-1617.8712903501314,33.75,571.8079369118886,3289887.6404494382,440176.6066288233,3,0.7562103194942261,7744.20768253211,32.52546810308523,43.0,1895086.1421617721,27.891199716493496,"[0.75, 12, 0.75, 12, 0.5, 31.5]",531.2866202531325,-0.050413741375390876,7.0,0.5966949243394744,0.7562103194942261,2.0,3289887.6404494382
TX_30_30_P06_LK5,2487846.9836843754,38.0,-446964.93931045034,0.42857142857142855,-7604.14027931886,2487846.9836843754,14818.221232180957,-2900.5285800701217,-39192.98351499239,18598.320813118607,5983.453125,5,30930.995718269907,30,30,0.6653819811198098,269866.8719145199,-1748.927391575713,33.75,571.8079369118886,3289887.6404494382,440176.6066288233,3,0.7562103194942261,12049.480568914372,32.52546810308523,43.0,1869317.745099726,27.891199716493496,"[0.75, 12, 0.75, 12, 0.5, 31.5]",531.2866202531325,-0.04963072029883802,7.0,0.5966949243394744,0.7562103194942261,2.0,3289887.6404494382
TX_30_30_P06_LK6,2487846.9836843754,38.0,-603691.4519804689,0.42857142857142855,-10013.887442118426,2487846.9836843754,14818.221232180957,-2900.5285800701217,-39192.98351499239,18598.320813118607,5983.453125,5,31311.952743846305,30,30,0.6653819811198098,355371.6458906265,-1911.6854812300803,33.75,571.8079369118886,3289887.6404494382,440176.6066288233,3,0.7562103194942261,16274.889932666529,32.52546810308523,43.0,1850827.247140203,27.891199716493496,"[0.75, 12, 0.75, 12, 0.5, 31.5]",531.2866202531325,-0.04906956699621293,7.0,0.5966949243394744,0.7562103194942261,2.0,3289887.6404494382
TX_30_30_P06_LK7,2487846.9836843754,38.0,-722156.3404375716,0.42857142857142855,-11733.681177306693,2487846.9836843754,14818.221232180957,-2900.5285800701217,-39192.98351499239,18598.320813118607,5983.453125,5,31607.58327438033,30,30,0.6653819811198098,416394.73545055644,-2001.223197562416,33.75,571.8079369118886,3289887.6404494382,440176.6066288233,3,0.7562103194942261,19468.751027758288,32.52546810308523,43.0,1839631.922087807,27.891199716493496,"[0.75, 12, 0.75, 12, 0.5, 31.5]",531.2866202531325,-0.04873042517080653,7.0,0.5966949243394744,0.7562103194942261,2.0,3289887.6404494382
TX_30_30_P06_LK8,2487846.9836843754,38.0,-795082.6561072859,0.42857142857142855,-12746.31880309722,2487846.9836843754,14818.221232180957,-2900.5285800701217,-39192.98351499239,18598.320813118607,5983.453125,5,31793.049567352267,30,30,0.6653819811198098,452325.8781105055,-2062.4162066859426,33.75,571.8079369118886,3289887.6404494382,440176.6066288233,3,0.7562103194942261,21434.874043919404,32.52546810308523,43.0,1833615.7787404296,27.891199716493496,"[0.75, 12, 0.75, 12, 0.5, 31.5]",531.2866202531325,-0.04854848387178219,7.0,0.5966949243394744,0.7562103194942261,2.0,3289887.6404494382
TX_30_30_P06_LK9,2487846.9836843754,38.0,-834375.566919529,0.42857142857142855,-13276.891172746002,2487846.9836843754,14818.221232180957,-2900.5285800701217,-39192.98351499239,18598.320813118607,5983.453125,5,31894.114992870294,30,30,0.6653819811198098,471152.00741684536,-2127.040739441581,33.75,571.8079369118886,3289887.6404494382,440176.6066288233,3,0.7562103194942261,22494.226897652923,32.52546810308523,43.0,1830607.086121685,27.891199716493496,"[0.75, 12, 0.75, 12, 0.5, 31.5]",531.2866202531325,-0.04845759978868702,7.0,0.5966949243394744,0.7562103194942261,2.0,3289887.6404494382
TX_30_30_R07_LK0,2355837.558748078,23.549999999999997,-21084.386555369234,0.42857142857142855,-390.6272243856523,2355837.558748078,17939.93000671752,-2608.7513460094756,-11787.906784536674,22748.821931621093,7800.0,5,30182.117435250588,30,30,0.6300756727870849,13831.945222410068,-705.5980327312897,39.7,675.6375579210609,3289887.6404494382,239865.37862999836,3,0.7160845038544363,592.9763218132989,33.670155936297114,45.55,1999540.0747296864,28.72317364621214,"[36, 135]",624.5803554887934,-0.03879991512642592,7.0,0.5650816017391271,0.7160845038544363,1.5499999999999972,3289887.6404494382
TX_30_30_R07_LK1,2355837.558748078,23.549999999999997,-40994.29978830941,0.42857142857142855,-767.5911383548165,2355837.558748078,17939.93000671752,-2608.7513460094756,-11787.906784536674,22748.821931621093,7800.0,5,30228.2656192845,30,30,0.6300756727870849,27202.417176289677,-788.270953174261,39.7,675.6375579210609,3289887.6404494382,239865.37862999836,3,0.7160845038544363,1141.7047002761078,33.670155936297114,45.55,1990802.9191252585,28.72317364621214,"[36, 135]",624.5803554887934,-0.03858001111332441,7.0,0.5650816017391271,0.7160845038544363,1.5499999999999972,3289887.6404494382
TX_30_30_R07_LK2,2355837.558748078,23.549999999999997,-83916.87214346505,0.42857142857142855,-1427.1037428552083,2355837.558748078,17939.93000671752,-2608.7513460094756,-11787.906784536674,22748.821931621093,7800.0,5,30321.327496841404,30,30,0.6300756727870849,50754.098866637505,-930.9408497019497,39.7,675.6375579210609,3289887.6404494382,239865.37862999836,3,0.7160845038544363,2186.05705554997,33.670155936297114,45.55,1977345.5135468876,28.72317364621214,"[36, 135]",624.5803554887934,-0.03823153944306156,7.0,0.5650816017391271,0.7160845038544363,1.5499999999999972,3289887.6404494382
TX_30_30_R07_LK3,2355837.558748078,23.549999999999997,-164077.16207820753,0.42857142857142855,-2763.8204684901375,2355837.558748078,17939.93000671752,-2608.7513460094756,-11787.906784536674,22748.821931621093,7800.0,5,30496.702737999633,30,30,0.6300756727870849,98161.27069405331,-1077.9642429856358,39.7,675.6375579210609,3289887.6404494382,239865.37862999836,3,0.7160845038544363,4280.908781281704,33.670155936297114,45.55,1959750.8604588783,28.72317364621214,"[36, 135]",624.5803554887934,-0.03777642754759977,7.0,0.5650816017391271,0.7160845038544363,1.5499999999999972,3289887.6404494382
TX_30_30_R07_LK4,2355837.558748078,23.549999999999997,-295607.22122465493,0.42857142857142855,-4887.638013480869,2355837.558748078,17939.93000671752,-2608.7513460094756,-11787.906784536674,22748.821931621093,7800.0,5,30789.154360325818,30,30,0.6300756727870849,173482.9011523694,-1256.688180457118,39.7,675.6375579210609,3289887.6404494382,239865.37862999836,3,0.7160845038544363,7718.204616962139,33.670155936297114,45.55,1941012.260220424,28.72317364621214,"[36, 135]",624.5803554887934,-0.03729340077409738,7.0,0.5650816017391271,0.7160845038544363,1.5499999999999972,3289887.6404494382
TX_30_30_R07_LK5,2355837.558748078,23.549999999999997,-472066.5833467838,0.42857142857142855,-7590.693347837195,2355837.558748078,17939.93000671752,-2608.7513460094756,-11787.906784536674,22748.821931621093,7800.0,5,31191.3685581019,30,30,0.6300756727870849,269346.5074703884,-1416.6507896534677,39.7,675.6375579210609,3289887.6404494382,239865.37862999836,3,0.7160845038544363,12329.609852088832,33.670155936297114,45.55,1924285.0951171375,28.72317364621214,"[36, 135]",624.5803554887934,-0.03686598774369241,7.0,0.5650816017391271,0.7160845038544363,1.5499999999999972,3289887.6404494382
TX_30_30_R07_LK6,2355837.558748078,23.549999999999997,-654938.0935722376,0.42857142857142855,-10199.496932440341,2355837.558748078,17939.93000671752,-2608.7513460094756,-11787.906784536674,22748.821931621093,7800.0,5,31621.181433962764,30,30,0.6300756727870849,361866.3567326181,-1738.8003672843727,39.7,675.6375579210609,3289887.6404494382,239865.37862999836,3,0.7160845038544363,17108.537185255187,33.670155936297114,45.55,1911592.1316743244,28.72317364621214,"[36, 135]",624.5803554887934,-0.03654669011593822,7.0,0.5650816017391271,0.7160845038544363,1.5499999999999972,3289887.6404494382
TX_30_30_R07_LK7,2355837.558748078,23.549999999999997,-800311.4536660895,0.42857142857142855,-12122.826210814104,2355837.558748078,17939.93000671752,-2608.7513460094756,-11787.906784536674,22748.821931621093,7800.0,5,31973.014411787968,30,30,0.6300756727870849,430075.272782057,-1966.7909254465671,39.7,675.6375579210609,3289887.6404494382,239865.37862999836,3,0.7160845038544363,20907.500187512393,33.670155936297114,45.55,1903424.39710662,28.72317364621214,"[36, 135]",624.5803554887934,-0.0363451775404977,7.0,0.5650816017391271,0.7160845038544363,1.5499999999999972,3289887.6404494382
TX_30_30_R07_LK8,2355837.558748078,23.549999999999997,-893211.9631511755,0.42857142857142855,-13543.828242853731,2355837.558748078,17939.93000671752,-2608.7513460094756,-11787.906784536674,22748.821931621093,7800.0,5,32202.806067464782,30,30,0.6300756727870849,480689.715704453,-2098.778510866274,39.7,675.6375579210609,3289887.6404494382,239865.37862999836,3,0.7160845038544363,23335.201039258172,33.670155936297114,45.55,1898848.9586310221,28.72317364621214,"[36, 135]",624.5803554887934,-0.036234248851867046,7.0,0.5650816017391271,0.7160845038544363,1.5499999999999972,3289887.6404494382
TX_30_30_R07_LK9,2355837.558748078,23.549999999999997,-944434.8377613452,0.42857142857142855,-14388.749266810364,2355837.558748078,17939.93000671752,-2608.7513460094756,-11787.906784536674,22748.821931621093,7800.0,5,32331.205630779703,30,30,0.6300756727870849,510661.8425897979,-2166.852186645162,39.7,675.6375579210609,3289887.6404494382,239865.37862999836,3,0.7160845038544363,24673.76478055073,33.670155936297114,45.55,1896507.9481060605,28.72317364621214,"[36, 135]",624.5803554887934,-0.03617817717894489,7.0,0.5650816017391271,0.7160845038544363,1.5499999999999972,3289887.6404494382
TX_30_50_R08_LK0,4670174.485022341,24.200000000000003,-57157.12665543966,0.42857142857142855,-1170.1790827977434,4670174.485022341,19953.24215615198,-2304.8583159606605,-6856.785262946986,25165.081168837147,9800.0,5,30727.723180989564,50,30,0.5577144870836448,44313.659228076685,-1761.2856516619229,43.8,728.7910039117097,7368000.0,285181.94641946635,3,0.6338456141452689,1504.1847397421934,34.52990093698495,48.2,3438704.6216559354,29.542963678947224,"[40, 149]",675.3974439731303,-0.154677821416935,7.0,0.4781754090955349,0.6338456141452689,0.20000000000000284,7368000.0
TX_30_50_R08_LK1,4670174.485022341,24.200000000000003,-114256.82499001427,0.42857142857142855,-2310.8252919773527,4670174.485022341,19953.24215615198,-2304.8583159606605,-6856.785262946986,25165.081168837147,9800.0,5,30774.95137154426,50,30,0.5577144870836448,87573.44440978585,-1952.7061082788057,43.8,728.7910039117097,7368000.0,285181.94641946635,3,0.6338456141452689,3009.7795494227366,34.52990093698495,48.2,3415436.2630579174,29.542963678947224,"[40, 149]",675.3974439731303,-0.15328673055418493,7.0,0.4781754090955349,0.6338456141452689,0.20000000000000284,7368000.0
TX_30_50_R08_LK2,4670174.485022341,24.200000000000003,-213521.27070778215,0.42857142857142855,-4209.006954098094,4670174.485022341,19953.24215615198,-2304.8583159606605,-6856.785262946986,25165.081168837147,9800.0,5,30869.646396948687,50,30,0.5577144870836448,159563.35562927602,-2272.6525735564155,43.8,728.7910039117097,7368000.0,285181.94641946635,3,0.6338456141452689,5627.171680085564,34.52990093698495,48.2,3375354.7450710656,29.542963678947224,"[40, 149]",675.3974439731303,-0.15088517723949935,7.0,0.4781754090955349,0.6338456141452689,0.20000000000000284,7368000.0
TX_30_50_R08_LK3,4670174.485022341,24.200000000000003,-358981.4914146803,0.42857142857142855,-6748.2569556250155,4670174.485022341,19953.24215615198,-2304.8583159606605,-6856.785262946986,25165.081168837147,9800.0,5,31046.280328826295,50,30,0.5577144870836448,255866.47809851728,-2704.8457167929223,43.8,728.7910039117097,7368000.0,285181.94641946635,3,0.6338456141452689,9462.6620281668,34.52990093698495,48.2,3317643.7431310033,29.542963678947224,"[40, 149]",675.3974439731303,-0.14741239262263114,7.0,0.4781754090955349,0.6338456141452689,0.20000000000000284,7368000.0
TX_30_50_R08_LK4,4670174.485022341,24.200000000000003,-527958.5461568633,0.42857142857142855,-9205.550994995969,4670174.485022341,19953.24215615198,-2304.8583159606605,-6856.785262946986,25165.081168837147,9800.0,5,31336.331226846705,50,30,0.5577144870836448,349061.87063903647,-3132.5073053219776,43.8,728.7910039117097,7368000.0,285181.94641946635,3,0.6338456141452689,13918.274369353881,34.52990093698495,48.2,3252556.592757667,29.542963678947224,"[40, 149]",675.3974439731303,-0.14346625411559857,7.0,0.4781754090955349,0.6338456141452689,0.20000000000000284,7368000.0
TX_30_50_R08_LK5,4670174.485022341,24.200000000000003,-680089.979078844,0.42857142857142855,-12236.246781111517,4670174.485022341,19953.24215615198,-2304.8583159606605,-6856.785262946986,25165.081168837147,9800.0,5,31728.32575580913,50,30,0.5577144870836448,464085.8202511787,-3420.9512145229446,43.8,728.7910039117097,7368000.0,285181.94641946635,3,0.6338456141452689,17929.745199038574,34.52990093698495,48.2,3196200.022737061,29.542963678947224,"[40, 149]",675.3974439731303,-0.1400133250622275,7.0,0.4781754090955349,0.6338456141452689,0.20000000000000284,7368000.0
TX_30_50_R08_LK6,4670174.485022341,24.200000000000003,-912733.4311653215,0.42857142857142855,-14786.545356722432,4670174.485022341,19953.24215615198,-2304.8583159606605,-6856.785262946986,25165.081168837147,9800.0,5,32141.65435014091,50,30,0.5577144870836448,560861.4897663831,-3550.6937391275846,43.8,728.7910039117097,7368000.0,285181.94641946635,3,0.6338456141452689,23424.125584071277,34.52990093698495,48.2,3157343.3652030057,29.542963678947224,"[40, 149]",675.3974439731303,-0.13760815957329614,7.0,0.4781754090955349,0.6338456141452689,0.20000000000000284,7368000.0
TX_30_50_R08_LK7,4670174.485022341,24.200000000000003,-1097066.0282525977,0.42857142857142855,-17244.946420186545,4670174.485022341,19953.24215615198,-2304.8583159606605,-6856.785262946986,25165.081168837147,9800.0,5,32477.9778924576,50,30,0.5577144870836448,654085.9451725425,-3589.9922055519387,43.8,728.7910039117097,7368000.0,285181.94641946635,3,0.6338456141452689,28156.56753941178,34.52990093698495,48.2,3134621.78648929,29.542963678947224,"[40, 149]",675.3974439731303,-0.1362115311800354,7.0,0.4781754090955349,0.6338456141452689,0.20000000000000284,7368000.0
TX_30_50_R08_LK8,4670174.485022341,24.200000000000003,-1212454.0203512278,0.42857142857142855,-18671.243628967022,4670174.485022341,19953.24215615198,-2304.8583159606605,-6856.785262946986,25165.081168837147,9800.0,5,32697.450859231994,50,30,0.5577144870836448,708171.4776354701,-3597.4060791692596,43.8,728.7910039117097,7368000.0,285181.94641946635,3,0.6338456141452689,31118.934488327584,34.52990093698495,48.2,3122667.6784204086,29.542963678947224,"[40, 149]",675.3974439731303,-0.13547456815490885,7.0,0.4781754090955349,0.6338456141452689,0.20000000000000284,7368000.0
TX_30_50_R08_LK9,4670174.485022341,24.200000000000003,-1275378.6045389636,0.42857142857142855,-19410.668816357036,4670174.485022341,19953.24215615198,-2304.8583159606605,-6856.785262946986,25165.081168837147,9800.0,5,32820.18378727563,50,30,0.5577144870836448,736210.3814771431,-3597.330093558309,43.8,728.7910039117097,7368000.0,285181.94641946635,3,0.6338456141452689,32734.391922347273,34.52990093698495,48.2,3116752.8404357666,29.542963678947224,"[40, 149]",675.3974439731303,-0.13510958268813167,7.0,0.4781754090955349,0.6338456141452689,0.20000000000000284,7368000.0
TX_30_60_P01_LK0,5624349.100402395,26.287553191489362,-64687.933470662334,0.42857142857142855,-2407.463065475311,5624349.100402395,8791.562348939988,-2847.122850462346,17487.908812580725,11426.38842930447,2948.768533909574,5,29868.528696495454,60,30,0.5193964261139175,57250.497591865926,-2850.7017534569386,35.25,512.8911691647713,9528000.0,219674.35251153263,4,0.5902969248952976,2714.5224774314993,22.278387923722725,31.62,3848295.403388853,18.53712398948211,"[0.875, 12, 1.25, 12, 0.5, 19.5]",474.26787207812197,-0.5693421708778926,7.0,0.43857987023509337,0.5902969248952976,1.995000000000001,9528000.0
TX_30_60_P01_LK1,5624349.100402395,26.287553191489362,-131688.28571297377,0.42857142857142855,-4887.911606080624,5624349.100402395,8791.562348939988,-2847.122850462346,17487.908812580725,11426.38842930447,2948.768533909574,5,29906.459466256394,60,30,0.5193964261139175,116217.36429172591,-3058.2549961278887,35.25,512.8911691647713,9528000.0,219674.35251153263,4,0.5902969248952976,5532.903510357557,22.278387923722725,31.62,3824225.6419514874,18.53712398948211,"[0.875, 12, 1.25, 12, 0.5, 19.5]",474.26787207812197,-0.5645364742319531,7.0,0.43857987023509337,0.5902969248952976,1.995000000000001,9528000.0
TX_30_60_P01_LK2,5624349.100402395,26.287553191489362,-254116.4163582849,0.42857142857142855,-9364.329227160642,5624349.100402395,8791.562348939988,-2847.122850462346,17487.908812580725,11426.38842930447,2948.768533909574,5,29982.901655596816,60,30,0.5193964261139175,222633.7385187124,-3432.0933208073748,35.25,512.8911691647713,9528000.0,219674.35251153263,4,0.5902969248952976,10682.863518965507,22.278387923722725,31.62,3780477.700628919,18.53712398948211,"[0.875, 12, 1.25, 12, 0.5, 19.5]",474.26787207812197,-0.5557965865811986,7.0,0.43857987023509337,0.5902969248952976,1.995000000000001,9528000.0
TX_30_60_P01_LK3,5624349.100402395,26.287553191489362,-447724.38784496416,0.42857142857142855,-16268.238173170585,5624349.100402395,8791.562348939988,-2847.122850462346,17487.908812580725,11426.38842930447,2948.768533909574,5,30126.802073942592,60,30,0.5193964261139175,386758.07432007004,-4006.3565625974416,35.25,512.8911691647713,9528000.0,219674.35251153263,4,0.5902969248952976,18827.01619179014,22.278387923722725,31.62,3712026.424820852,18.53712398948211,"[0.875, 12, 1.25, 12, 0.5, 19.5]",474.26787207812197,-0.5421048427925573,7.0,0.43857987023509337,0.5902969248952976,1.995000000000001,9528000.0
TX_30_60_P01_LK4,5624349.100402395,26.287553191489362,-694361.9235547095,0.42857142857142855,-24660.29508305055,5624349.100402395,8791.562348939988,-2847.122850462346,17487.908812580725,11426.38842930447,2948.768533909574,5,30366.438943625042,60,30,0.5193964261139175,586259.7185183434,-4698.993028604913,35.25,512.8911691647713,9528000.0,219674.35251153263,4,0.5902969248952976,29201.868102352837,22.278387923722725,31.62,3626510.649671709,18.53712398948211,"[0.875, 12, 1.25, 12, 0.5, 19.5]",474.26787207812197,-0.524961046905097,7.0,0.43857987023509337,0.5902969248952976,1.995000000000001,9528000.0
TX_30_60_P01_LK5,5624349.100402395,26.287553191489362,-936078.7865485232,0.42857142857142855,-32277.41197725915,5624349.100402395,8791.562348939988,-2847.122850462346,17487.908812580725,11426.38842930447,2948.768533909574,5,30695.791150668927,60,30,0.5193964261139175,767339.0681243961,-5319.174045449467,35.25,512.8911691647713,9528000.0,219674.35251153263,4,0.5902969248952976,39369.73338866341,22.278387923722725,31.62,3545243.5914459387,18.53712398948211,"[0.875, 12, 1.25, 12, 0.5, 19.5]",474.26787207812197,-0.5087226811731919,7.0,0.43857987023509337,0.5902969248952976,1.995000000000001,9528000.0
TX_30_60_P01_LK6,5624349.100402395,26.287553191489362,-1119982.0891460169,0.42857142857142855,-37513.04223387474,5624349.100402395,8791.562348939988,-2847.122850462346,17487.908812580725,11426.38842930447,2948.768533909574,5,31048.31662388149,60,30,0.5193964261139175,891804.1893685443,-5737.086877793214,35.25,512.8911691647713,9528000.0,219674.35251153263,4,0.5902969248952976,47105.66274234774,22.278387923722725,31.62,3485759.4408567487,18.53712398948211,"[0.875, 12, 1.25, 12, 0.5, 19.5]",474.26787207812197,-0.4968394908972488,7.0,0.43857987023509337,0.5902969248952976,1.995000000000001,9528000.0
TX_30_60_P01_LK7,5624349.100402395,26.287553191489362,-1234589.1270424945,0.42857142857142855,-40457.82543194875,5624349.100402395,8791.562348939988,-2847.122850462346,17487.908812580725,11426.38842930447,2948.768533909574,5,31338.13168317922,60,30,0.5193964261139175,961809.7459363355,-5966.942151950741,35.25,512.8911691647713,9528000.0,219674.35251153263,4,0.5902969248952976,51926.63230945211,22.278387923722725,31.62,3450024.672583164,18.53712398948211,"[0.875, 12, 1.25, 12, 0.5, 19.5]",474.26787207812197,-0.4896688694000083,7.0,0.43857987023509337,0.5902969248952976,1.995000000000001,9528000.0
TX_30_60_P01_LK8,5624349.100402395,26.287553191489362,-1297068.3906353079,0.42857142857142855,-41941.2353912458,5624349.100402395,8791.562348939988,-2847.122850462346,17487.908812580725,11426.38842930447,2948.768533909574,5,31528.396778111884,60,30,0.5193964261139175,997074.4977192577,-6080.547272487181,35.25,512.8911691647713,9528000.0,219674.35251153263,4,0.5902969248952976,54554.83655244394,22.278387923722725,31.62,3431056.511631957,18.53712398948211,"[0.875, 12, 1.25, 12, 0.5, 19.5]",474.26787207812197,-0.4858499632830749,7.0,0.43857987023509337,0.5902969248952976,1.995000000000001,9528000.0
TX_30_60_P01_LK9,5624349.100402395,26.287553191489362,-1328549.2020662536,0.42857142857142855,-42652.815111575954,5624349.100402395,8791.562348939988,-2847.122850462346,17487.908812580725,11426.38842930447,2948.768533909574,5,31635.14360645308,60,30,0.5193964261139175,1013990.7256140328,-6134.35530190423,35.25,512.8911691647713,9528000.0,219674.35251153263,4,0.5902969248952976,55879.08416233461,22.278387923722725,31.62,3421650.2212593337,18.53712398948211,"[0.875, 12, 1.25, 12, 0.5, 19.5]",474.26787207812197,-0.4839523261219483,7.0,0.43857987023509337,0.5902969248952976,1.995000000000001,9528000.0
TX_30_60_R07_LK0,5754170.982313096,24.200000000000003,-78327.92248689632,0.42857142857142855,-1768.4893148161743,5754170.982313096,19953.24215615198,-2304.8583159606605,-6856.785262946986,25165.081168837147,9800.0,5,30675.664163904854,60,30,0.5313851949993652,67048.65633978955,-2544.9476213928087,43.8,728.7910039117097,9528000.0,285181.94641946635,4,0.6039222273628354,2062.306734738011,34.52990093698495,48.2,4090154.7776103406,29.542963678947224,"[40, 149]",675.3974439731303,-0.2594299876684905,7.0,0.4485901477874433,0.6039222273628354,0.20000000000000284,9528000.0
TX_30_60_R07_LK1,5754170.982313096,24.200000000000003,-157162.41397067625,0.42857142857142855,-3525.4703373040775,5754170.982313096,19953.24215615198,-2304.8583159606605,-6856.785262946986,25165.081168837147,9800.0,5,30723.199725078266,60,30,0.5313851949993652,133680.04291105337,-2779.6785271752506,43.8,728.7910039117097,9528000.0,285181.94641946635,4,0.6039222273628354,4141.066676714411,34.52990093698495,48.2,4058376.268389126,29.542963678947224,"[40, 149]",675.3974439731303,-0.2567334599616639,7.0,0.4485901477874433,0.6039222273628354,0.20000000000000284,9528000.0
TX_30_60_R07_LK2,5754170.982313096,24.200000000000003,-295433.50147304457,0.42857142857142855,-6535.057627752581,5754170.982313096,19953.24215615198,-2304.8583159606605,-6856.785262946986,25165.081168837147,9800.0,5,30818.652651672965,60,30,0.5313851949993652,247814.97805671548,-3181.002296788504,43.8,728.7910039117097,9528000.0,285181.94641946635,4,0.6039222273628354,7787.090991667629,34.52990093698495,48.2,4003086.1966972277,29.542963678947224,"[40, 149]",675.3974439731303,-0.25203674628580347,7.0,0.4485901477874433,0.6039222273628354,0.20000000000000284,9528000.0
TX_30_60_R07_LK3,5754170.982313096,24.200000000000003,-500489.35003064375,0.42857142857142855,-10787.128112902928,5754170.982313096,19953.24215615198,-2304.8583159606605,-6856.785262946986,25165.081168837147,9800.0,5,30997.17083479541,60,30,0.5313851949993652,409069.47401802393,-3745.732350457058,43.8,728.7910039117097,9528000.0,285181.94641946635,4,0.6039222273628354,13194.14352276236,34.52990093698495,48.2,3922390.9989216696,29.542963678947224,"[40, 149]",675.3974439731303,-0.24516689294655158,7.0,0.4485901477874433,0.6039222273628354,0.20000000000000284,9528000.0
TX_30_60_R07_LK4,5754170.982313096,24.200000000000003,-741400.02464034,0.42857142857142855,-15338.052738899658,5754170.982313096,19953.24215615198,-2304.8583159606605,-6856.785262946986,25165.081168837147,9800.0,5,31291.478186350647,60,30,0.5313851949993652,581657.4125827223,-4345.070064668475,43.8,728.7910039117097,9528000.0,285181.94641946635,4,0.6039222273628354,19546.64819292949,34.52990093698495,48.2,3830275.6500762776,29.542963678947224,"[40, 149]",675.3974439731303,-0.2372931218450577,7.0,0.4485901477874433,0.6039222273628354,0.20000000000000284,9528000.0
TX_30_60_R07_LK5,5754170.982313096,24.200000000000003,-959807.4013895482,0.42857142857142855,-18859.338738023253,5754170.982313096,19953.24215615198,-2304.8583159606605,-6856.785262946986,25165.081168837147,9800.0,5,31691.053325873112,60,30,0.5313851949993652,715197.2877986524,-4801.127866221718,43.8,728.7910039117097,9528000.0,285181.94641946635,4,0.6039222273628354,25305.78313797506,34.52990093698495,48.2,3750305.2054368714,29.542963678947224,"[40, 149]",675.3974439731303,-0.23047206566768574,7.0,0.4485901477874433,0.6039222273628354,0.20000000000000284,9528000.0
TX_30_60_R07_LK6,5754170.982313096,24.200000000000003,-1116587.2462832783,0.42857142857142855,-20885.80517573285,5754170.982313096,19953.24215615198,-2304.8583159606605,-6856.785262946986,25165.081168837147,9800.0,5,32114.01816836153,60,30,0.5313851949993652,792047.872823354,-5056.063324693618,43.8,728.7910039117097,9528000.0,285181.94641946635,4,0.6039222273628354,29439.89066119084,34.52990093698495,48.2,3695681.216198771,29.542963678947224,"[40, 149]",675.3974439731303,-0.2257932415842739,7.0,0.4485901477874433,0.6039222273628354,0.20000000000000284,9528000.0
TX_30_60_R07_LK7,5754170.982313096,24.200000000000003,-1210745.6010649458,0.42857142857142855,-21842.957033007944,5754170.982313096,19953.24215615198,-2304.8583159606605,-6856.785262946986,25165.081168837147,9800.0,5,32459.048041645357,60,30,0.5313851949993652,828346.1577308038,-5171.625278399527,43.8,728.7910039117097,9528000.0,285181.94641946635,4,0.6039222273628354,31922.75099497221,34.52990093698495,48.2,3664210.340590843,29.542963678947224,"[40, 149]",675.3974439731303,-0.22308071882532296,7.0,0.4485901477874433,0.6039222273628354,0.20000000000000284,9528000.0
TX_30_60_R07_LK8,5754170.982313096,24.200000000000003,-1260969.2762414482,0.42857142857142855,-22260.156891302784,5754170.982313096,19953.24215615198,-2304.8583159606605,-6856.785262946986,25165.081168837147,9800.0,5,32684.51587911157,60,30,0.5313851949993652,844167.6324885096,-5219.809065852338,43.8,728.7910039117097,9528000.0,285181.94641946635,4,0.6039222273628354,33247.10347163279,34.52990093698495,48.2,3647862.3540739566,29.542963678947224,"[40, 149]",675.3974439731303,-0.22166585748625584,7.0,0.4485901477874433,0.6039222273628354,0.20000000000000284,9528000.0
TX_30_60_R07_LK9,5754170.982313096,24.200000000000003,-1285970.7850465167,0.42857142857142855,-22441.461415743153,5754170.982313096,19953.24215615198,-2304.8583159606605,-6856.785262946986,25165.081168837147,9800.0,5,32810.69318549614,60,30,0.5313851949993652,851043.2172108506,-5240.003433196134,43.8,728.7910039117097,9528000.0,285181.94641946635,4,0.6039222273628354,33906.37217485138,34.52990093698495,48.2,3639838.6163943787,29.542963678947224,"[40, 149]",675.3974439731303,-0.22096986992688358,7.0,0.4485901477874433,0.6039222273628354,0.20000000000000284,9528000.0
TX_30_75_R06_LK0,7271478.144875331,24.200000000000003,-114508.19890834663,0.42857142857142855,-2747.0861434687513,7271478.144875331,19953.24215615198,-2304.8583159606605,-6856.785262946986,25165.081168837147,9800.0,5,30832.277670018444,75,30,0.501104456763619,104197.15712522517,-3073.2124408093755,43.8,728.7910039117097,12768000.0,285181.94641946635,4,0.5695080000685566,3016.518860160233,34.52990093698495,48.2,5026788.746624436,29.542963678947224,"[40, 149]",675.3974439731303,-0.48870733148523293,7.0,0.4152497577708925,0.5695080000685566,0.20000000000000284,12768000.0
TX_30_75_R06_LK1,7271478.144875331,24.200000000000003,-229723.91019756522,0.42857142857142855,-5490.615811712576,7271478.144875331,19953.24215615198,-2304.8583159606605,-6856.785262946986,25165.081168837147,9800.0,5,30879.9612752858,75,30,0.501104456763619,208237.81757002583,-3360.766518438052,43.8,728.7910039117097,12768000.0,285181.94641946635,4,0.5695080000685566,6054.7186193279595,34.52990093698495,48.2,4981720.035149695,29.542963678947224,"[40, 149]",675.3974439731303,-0.4827752634703452,7.0,0.4152497577708925,0.5695080000685566,0.20000000000000284,12768000.0
TX_30_75_R06_LK2,7271478.144875331,24.200000000000003,-431501.61023115786,0.42857142857142855,-10229.822156501263,7271478.144875331,19953.24215615198,-2304.8583159606605,-6856.785262946986,25165.081168837147,9800.0,5,30975.55915677381,75,30,0.501104456763619,387958.86144165543,-3856.316967265834,43.8,728.7910039117097,12768000.0,285181.94641946635,4,0.5695080000685566,11375.527382419721,34.52990093698495,48.2,4903315.712190355,29.542963678947224,"[40, 149]",675.3974439731303,-0.47244557155320693,7.0,0.4152497577708925,0.5695080000685566,0.20000000000000284,12768000.0
TX_30_75_R06_LK3,7271478.144875331,24.200000000000003,-729674.0285797847,0.42857142857142855,-17041.02286126285,7271478.144875331,19953.24215615198,-2304.8583159606605,-6856.785262946986,25165.081168837147,9800.0,5,31153.839315344834,75,30,0.501104456763619,646254.2988058286,-4565.046852877935,43.8,728.7910039117097,12768000.0,285181.94641946635,4,0.5695080000685566,19238.22684422887,34.52990093698495,48.2,4788995.2835390065,29.542963678947224,"[40, 149]",675.3974439731303,-0.45735473548857386,7.0,0.4152497577708925,0.5695080000685566,0.20000000000000284,12768000.0
TX_30_75_R06_LK4,7271478.144875331,24.200000000000003,-1077395.0941564455,0.42857142857142855,-24579.56970130612,7271478.144875331,19953.24215615198,-2304.8583159606605,-6856.785262946986,25165.081168837147,9800.0,5,31446.48114583789,75,30,0.501104456763619,932131.9446378218,-5341.972575707501,43.8,728.7910039117097,12768000.0,285181.94641946635,4,0.5695080000685566,28407.495631257756,34.52990093698495,48.2,4658930.728795372,29.542963678947224,"[40, 149]",675.3974439731303,-0.44024434802989765,7.0,0.4152497577708925,0.5695080000685566,0.20000000000000284,12768000.0
TX_30_75_R06_LK5,7271478.144875331,24.200000000000003,-1388917.0052738069,0.42857142857142855,-30782.287147831285,7271478.144875331,19953.24215615198,-2304.8583159606605,-6856.785262946986,25165.081168837147,9800.0,5,31841.74281670789,75,30,0.501104456763619,1167351.6521995333,-5970.575100353124,43.8,728.7910039117097,12768000.0,285181.94641946635,4,0.5695080000685566,36622.191758717214,34.52990093698495,48.2,4546861.37871433,29.542963678947224,"[40, 149]",675.3974439731303,-0.4254433954211672,7.0,0.4152497577708925,0.5695080000685566,0.20000000000000284,12768000.0
TX_30_75_R06_LK6,7271478.144875331,24.200000000000003,-1609662.6650004613,0.42857142857142855,-34718.244014478354,7271478.144875331,19953.24215615198,-2304.8583159606605,-6856.785262946986,25165.081168837147,9800.0,5,32258.21337159669,75,30,0.501104456763619,1316610.7623653496,-6359.900764884069,43.8,728.7910039117097,12768000.0,285181.94641946635,4,0.5695080000685566,42443.144697301046,34.52990093698495,48.2,4471191.685116111,29.542963678947224,"[40, 149]",675.3974439731303,-0.4153758743083973,7.0,0.4152497577708925,0.5695080000685566,0.20000000000000284,12768000.0
TX_30_75_R06_LK7,7271478.144875331,24.200000000000003,-1741047.004357752,0.42857142857142855,-36820.97354224056,7271478.144875331,19953.24215615198,-2304.8583159606605,-6856.785262946986,25165.081168837147,9800.0,5,32596.86304394814,75,30,0.501104456763619,1396350.1070446295,-6562.3850788942245,43.8,728.7910039117097,12768000.0,285181.94641946635,4,0.5695080000685566,45907.67678681894,34.52990093698495,48.2,4428128.716249662,29.542963678947224,"[40, 149]",675.3974439731303,-0.4096057512597389,7.0,0.4152497577708925,0.5695080000685566,0.20000000000000284,12768000.0
TX_30_75_R06_LK8,7271478.144875331,24.200000000000003,-1810842.2974333388,0.42857142857142855,-37851.368179385485,7271478.144875331,19953.24215615198,-2304.8583159606605,-6856.785262946986,25165.081168837147,9800.0,5,32817.74481275204,75,30,0.501104456763619,1435424.4617303142,-6659.41277904997,43.8,728.7910039117097,12768000.0,285181.94641946635,4,0.5695080000685566,47748.137062294976,34.52990093698495,48.2,4405972.4860176565,29.542963678947224,"[40, 149]",675.3974439731303,-0.4066214607662699,7.0,0.4152497577708925,0.5695080000685566,0.20000000000000284,12768000.0
TX_30_75_R06_LK9,7271478.144875331,24.200000000000003,-1845542.8261124685,0.42857142857142855,-38339.098136617686,7271478.144875331,19953.24215615198,-2304.8583159606605,-6856.785262946986,25165.081168837147,9800.0,5,32941.22899059566,75,30,0.501104456763619,1453920.0009718142,-6704.669620921738,43.8,728.7910039117097,12768000.0,285181.94641946635,4,0.5695080000685566,48663.168468313655,34.52990093698495,48.2,4395162.604730211,29.542963678947224,"[40, 149]",675.3974439731303,-0.40516087801279216,7.0,0.4152497577708925,0.5695080000685566,0.20000000000000284,12768000.0
